id,title,channel,description,skills,jobs
3YGtxY67bq0,Classification Learner App | MATLAB Helper Blog,MATLAB Helper ¬Æ,0:00 Introduction 1:02 Importing the excel file 2:06 Using classification learner app 5:28 Training model 7:35 Exporting the model¬†...,Blogging; Classification; MATLAB; Microsoft Excel; Training,Training
4_mbTZgfoz0,"Learn How To Create This Mini ERP Application With Invoicing, Purchasing &  Dashboard In Excel",Excel For Freelancers,JOIN US ON PATREON FOR UNRELEASED TRAINING + MORE ‚ñª https://bit.ly/PatreonDesc JOIN MY MENTORSHIP¬†...,Dashboard; Enterprise Resource Planning (ERP); Microsoft Excel; Training,Training
FHVx6Jn8gwo,Spark With Java Couse Part 1 | Spark With Java Tutorial  | Spark With Java Training | KnowledgeHut,upGrad KnowledgeHut,"In this era of Artificial intelligence, Machine  Learning , and Data Science, algorithms that run on Distributed Iterative computation¬†...",Algorithm; Apache Spark; Artificial Intelligence (AI); Data Science; Java; Machine Learning; Training,Training
L4BuUzccLpo,How to easily automate boring Excel tasks with Power Query!,MyOnlineTrainingHub,Get the files for this lesson here: https://www.myonlinetraininghub.com/introduction-to- power - query Learn Power Query  here:¬†...,Microsoft Excel; jQuery,Training
OsvtBSmXGS0,AB Testing Training | Perfect Search Media,Perfect Search Media,"A/B  testing  is when you create two (or more) versions of a page to see which performs better. In this training, you'll  learn  why A/B¬†...",A/B Testing; Media; QA Testing; TestNG; Training,Training
ktjafK4SgWM,"Learn the MERN Stack - Full Tutorial for Beginners (MongoDB, Express, React, NodeJS) in 12Hrs (2021)",Clever Programmer,Free Training on How to Become a Developer in 90 Days:¬†...,MongoDB; Node.js; React; Training,Training
p0TdBqIt3fg,Hadoop Ecosystem Explained | Hadoop Ecosystem Architecture And Components | Hadoop | Simplilearn,Simplilearn,What is  this  Big Data Hadoop  training course about? The  Big Data Hadoop  and Spark developer course have been designed to¬†...,Apache Hadoop; Apache Spark; Architecture; Big Data; Training,Training
xwj2p4LSD1k,Tableau Training For Beginners 2021 | Tableau Tutorial For Beginners | Tableau Course | Simplilearn,Simplilearn,Tableau Server 2. Tableau Online 3. Tableau Desktop 4. Tableau Public 5. Tableau Reader Why  learn Tableau ? Everything we¬†...,Tableau; Training,Training
6I-Alfkr5K4,Natural Language Processing In 10 Minutes | NLP Tutorial For Beginners | NLP Training | Simplilearn,Simplilearn,Natural Language Processing  is a popular application of Artificial Intelligence. This video on  NLP  in 10 minutes will make you¬†...,Artificial Intelligence (AI); Natural Language Processing (NLP); Training,Training
EnzJ_agj5_c,R Data Carpentry workshop 13-14 Oct 2020 - Data cleaning with OpenRefine,SoftwareSaved,Data cleaning  with OpenRefine Description: Cleaning data and preparing for further analysis using OpenRefine. Training¬†...,Analysis; Carpentry; Data Cleansing; R; Training,Training
KvLG1uTC-KU,Time Series Forecasting with Facebook Prophet and Python in 20 Minutes,Nicholas Renotte,Trying to forecast the next best stock? Want to predict the weather? Maybe you're just trying to get a better sales forecast for your¬†...,Facebook; Python; Sales; Time Series Forecasting,Sales
PRRu-RlLK6c,Java Complete Course! üî•| Java Tutorial for Beginners | Online Java Training | Learn Java Programming,Karpado Official,Java  Tutorial for beginners is a complete course on  Java . This course/training is inspired from some of the popular books and¬†...,Java; Programming; Training,Training
hLnB0uzGvDI,Introduction To Hadoop | Hadoop Explained | Hadoop Tutorial For Beginners | Hadoop | Simplilearn,Simplilearn,What is  this  Big Data Hadoop  training course about? The  Big Data Hadoop  and Spark developer course have been designed to¬†...,Apache Hadoop; Apache Spark; Big Data; Training,Training
hrWwVTKu1ps,Introduction to Natural Language Processing | NLP Tutorial | AI ML Training | Edureka Live,edureka!,-----------------------------------------Edureka Masters Programs--------------------------------------------------- DevOps Engineer Masters¬†...,Artificial Intelligence (AI); DevOps; Natural Language Processing (NLP); Training,Training
nPkmWE4JCfE,Microsoft Excel Tutorial For Beginners-1 | Excel Formulas & Functions | Excel Training | Simplilearn,Simplilearn,This video on  Microsoft Excel  Tutorial For Beginners-1 will help you get started with  Excel  and explore the features it offers.,Microsoft Excel; Training,Training
pDy_SPwM5cs,Smartsheet Dashboard training in 20 minutes,Project Management Tools - Weekly Tips and Tricks,This smartsheet tutorial shows you how to build  dashboards  with real examples. This Smartsheet training will provide you¬†...,Dashboard; Training,Training
rTOi82_HGf4,Handling Large Datasets in Data Preparation & ML Training using MLOps- MLOps Live #11,Iguazio,... this time on the scaling of the  data preparation  and the scaling of the machine  learning  pipeline okay so with that we'll move into¬†...,Data Preparation; Dataset; MLOps; Machine Learning; Training,Training
4igq44jaWS8,Learn Microsoft Power BI in One Video | Business Intelligence for Beginners | Practical Course 2021,ProgrammingKnowledge,"Welcome to this  Microsoft Power BI  Business Intelligence  Training Course  for  Beginners . This is a Beginner  Course  on  Power BI ,¬†...",Business Intelligence (BI); Business Intelligence Tool; Microsoft Power BI; Training,Training
DMv9JC_K37Y,How To Read & Analyze The Balance Sheet Like a CFO | The Complete Guide To Balance Sheet Analysis,The Financial Controller,I walk you through both the accounting and the strategic analysis of the  balance sheet ; and explaining the risk-based approach in¬†...,Accounting; Analysis; Balance Sheet,Accounting/Finance
RwDV802ckU8,R Tutorial For Beginners | R Programming Course | Learn R Language | R Training | Intellipaat,Intellipaat,#RProgrammingForBeginners #RProgrammingCourse #LearnRLanguage #RTraining #RProgrammingTutorial¬†...,R; Training,Training
U-FCSxpbfnI,Statistics & Probability Interview Questions For Data Science | Data Science Training | Simplilearn,Simplilearn,Mathematics is the core of data science. This video on mathematics interview questions for data scientists will help you¬†...,Data Science; Mathematics; Probability; Statistics; Training,Training
csSKlm7MYcc,Learn Cloud Computing Concepts: Part II,BitDegree,"Interested in  learning  AWS? Welcome to all-inclusive online AWS training by BitDegree! Whether you want to upskill, change¬†...",Amazon Web Service (AWS); Cloud Computing; Training,Training
fhSOJYzfGYg,Tableau Tutorial for Beginners | Learn Tableau | Tableau Training | Introduction to Tableau,JanBask Training,This Tableau Tutorial video will help you understand and  learn Tableau  in detail. This Tableau Tutorial is ideal for both beginners¬†...,Tableau; Training,Training
ormRboQsB-I,Microsoft Excel Tutorial for Beginners | Excel Training | FREE Online Excel course (2021),ProgrammingKnowledge,Welcome to the The Beginner's Guide course to  Excel . This  Excel  Full Course enables you to  Learn  MS  Excel  in simple and easy¬†...,Microsoft Excel; Training,Training
5uzB4z4iN0g,Tableau Projects For Practice With Examples | Tableau Training For Beginners | Simplilearn,Simplilearn,This video is based on  Tableau  Projects for Practice with Examples. This  tableau  training for beginners video includes some¬†...,Tableau; Training,Training
68lIfswwG2A,Natural Language Processing | NLP with Deep Learning and Machine Learning | NLP Using Python,Intellipaat,# NaturalLanguageProcessing  #NLPdeeplearning #NLPMachineLearning #NLPPython #NLPCourse #NLPTraining #NLPTutorial¬†...,Deep Learning; Machine Learning; Natural Language Processing (NLP); Python,Training
KMOmw19ZCGs,Git & GitHub Full Course in 5 Hours | Git GitHub Tutorial for Beginners | DevOps Training | Edureka,edureka!,#Edureka‚Äã #EdurekaGitGitHub #GitGitHubFullCourse‚Äã #GitGitHub #GitGitHubTutorialForBeginners‚Äã #futureofGitGitHub¬†...,DevOps; Git; Github; Training,Training
W-cnCuqN-S8,Tableau Full Course | Learn Tableau In 8 Hours | Tableau Training For Beginners | Simplilearn,Simplilearn,This video is based on  Tableau  Full Course. This  tableau  training for beginners is dedicated to helping beginners to  learn  the¬†...,Tableau; Training,Training
dNtUG3GeoS4,How to make an interactive PowerPoint presentation - PowerPoint basic training,Enix Tutorials,"This video show you how to make an interactive PowerPoint  presentation  step by step. After make this, you can use this ppt slide¬†...",Microsoft PowerPoint; Presentation; Training,Training
m_SH0TOLsIc,Excel for Accounting - 10 Excel Functions You NEED to KNOW!,Leila Gharani,They'll make your work life a LOT easier and they work in all  Excel  versions. Some of these are basic  Microsoft Excel  formulas and¬†...,Accounting; Microsoft Excel,Accounting/Finance
zAtvNGah64s,Data Munging to Wrangling - 7 Steps to Mastering Data Preparation for Data Science - Natasha Balac,PASStv,"Data  is at the heart of all Artificial Intelligence (AI) systems.  Data  is crucial in training, testing, validating, and evaluating machine¬†...",Artificial Intelligence (AI); Data Preparation; Data Science; TestNG; Testing; Training,Training
TjGbOoKvZ7M,How To Import & Clean Messy Accounting Data in Excel | Use Power Query to Import SAP Data,Leila Gharani,Time Stamps 00:00  Data Cleaning  with Excel for Accountants 00:40 How to Import SAP Data in Excel with Power Query 15:43¬†...,Accounting; Data Cleansing; Microsoft Excel; SAP; jQuery,Accounting/Finance
VQoTvw-DsvU,Reinforcement Learning on a GeForce RTX 3080 in MATLAB R2021a,MOBATSim,"In this video, a few different reinforcement  learning  training options are shown in  MATLAB  and Simulink on a CPU (Intel¬Æ Core‚Ñ¢¬†...",MATLAB; Reinforcement Learning; Simulink; Training,Training
XDAP9fuBjlc,How do I get started with a Cloud Computing career?,Cloud Bart,Cloud computing  IS everything in the world of Information Technology - find out how to get started now! #CloudCareers¬†...,Cloud Computing; Information Technology (IT),Information Technology
bZwpXEgG0to,AI Roadmap For 2021 | Learn AI | Artificial Intelligence Careers | Data Science Training | Edureka,edureka!,#Edureka #AIRoadmapFor2021 #ArtificialIntellegenceCareer #AITutorial #AITraining #DataScienceTutorial¬†...,Artificial Intelligence (AI); Data Science; Training,Training
gp0AHP9vbTY,GCSE Business Studies: Financial Statements,Atomi,"In this video, we'll look at the three financial controls used to monitor a businesses financial performance: the  balance sheet ,¬†...",Balance Sheet; Financial Statement,Audit and Financial/Business Controls
ilw2AnNsbIc,Climate Change Prediction Using Time Series Analysis | Python Projects | Python Training | Edureka,edureka!,#Edureka #EdurekaDataScience #ClimateChangePrediction #TimeSeriesAnalysis #DataScienceTutorial #DataScienceProject¬†...,Python; Time Series Analysis; Training,Training
jh14LlMHyds,SQL vs NoSQL | Difference Between SQL And NoSQL | SQL And NoSQL Tutorial | SQL Training |Simplilearn,Simplilearn,#SQLvsNoSQL #SQLAndNoSQLDifferences #DifferenceBetweenSQLAndNoSQL #NoSQLvsSQL #SQLAndNoSQLTutorial¬†...,NoSQL; Structured Query Language (SQL); Training,Training
pN6AVNkQmFY,Creating and Training Reinforcement Learning Agents Interactively,MATLAB,"Design, train, and simulate reinforcement  learning  agents using a visual interactive workflow in the Reinforcement  Learning ¬†...",Design; Reinforcement Learning; Training,Training
qgQAFP6oSKw,Using GitHub as your Project Management Tool | Learn with Dr. G,Microsoft Developer,"When you begin any development project, the tools and systems you use are just as important as the project itself. It is important to¬†...",Github; Project Management,Project/Program Management
C5dFVzQjfPE,"ETL process | Extract, Transform and Load operations in Data Warehouse",Learn with Fun and Creativity,"This video is about  ETL  process of data warehouse explaining how data is collected from different data souces, how data¬†...",Extract Transform Load (ETL); Transformer,Manufacturing/Operations
PzQ3DBrHW-U,Spark Scala | Spark Tutorial | Scala Tutorial | Spark Scala Full Course | Intellipaat,Intellipaat,"Intellipaat  Apache Spark  Scala Course:- https://intellipaat.com/ apache - spark -scala-training/ In this Spark Scala video, you will¬†...",Apache Spark; Scala; Training,Training
ZCWiZNBV6-U,HBase Tutorial for Beginners | Introduction to Apache HBase | Hadoop Training | Edureka Live,edureka!,"This Edureka video on ""HBaseTutorial"" will provide you with detailed knowledge about  HBase  and the functionalities it can¬†...",Apache Hadoop; Apache Hbase; HBase; Training,Training
eKUSWKOc5Ig,Tableau Tutorial for Beginners | Learn Tableau | Tableau Full Course | Intellipaat,Intellipaat,#TableauTutorialForBeginners #LearnTableau #TableauFullCourse #TableauTraining #TableauCourse #TableauCertification¬†...,Tableau,Training
fbYExfeFsI0,MongoDB & Node.js: Connecting & CRUD Operations (Part 1 of 4),MongoDB,"If you're a Node.js developer who wants to  learn MongoDB , start here! In this quick start tutorial for beginners, Developer¬†...",MongoDB; Node.js,Manufacturing/Operations
o5HzOz2R3ZU,Power BI Full Course | Power BI Tutorial For Beginners | Learn Power BI In 5 Hours,ProgrammingKnowledge,"Welcome to this  Microsoft Power BI  Business Intelligence  Training Course  for  Beginners . This is a Beginner  Course  on  Power BI ,¬†...",Business Intelligence (BI); Microsoft Power BI; Training,Training
-7Q41t0qO7M,MongoDB Tutorial | MongoDB Tutorial For Beginners | MongoDB Training | MongoDB Course | Simplilearn,Simplilearn,"""This video on  MongoDB  tutorial will help you get a good understanding of the working of this DBMS.  MongoDB  is a¬†...",Database Management System (DBMS); MongoDB; Training,Training
X8HPfzwwzvQ,Apache Hadoop & Spark Tutorial For Beginners | What is Hadoop & Spark | Edureka | Big Data Rewind- 2,edureka!,------------------------------------Edureka Online Training and Certification--------------------------------- DevOps Online Training:¬†...,Apache Hadoop; Apache Spark; Big Data; DevOps; Training,Training
ec1XgaUgSxA,income statement,selfLearn-en,"income statement  |  learn  financial accounting basics, and foundations, discover why financial accounting is so important to many¬†...",Financial Accounting; Income Statement,Accounting/Finance
lx58zqg0qbk,Learn Excel from Scratch | Microsoft Excel for Beginners in 2021 | Excel Training | Great Learning,Great Learning,"Great  Learning  brings you to this live session on "" Microsoft Excel  For Beginners"". In this session, we will  learn  the skills that will¬†...",Microsoft Excel; Training,Training
wIN-Nu2oJ20,financial statements,selfLearn-en,"financial statements  |  learn  financial accounting basics, and foundations, discover why financial accounting is so important to¬†...",Financial Accounting; Financial Statement,Accounting/Finance
AA7i2GcTGwU,SQL Full Course | SQL Tutorial For Beginners | üî•Learn SQL In 8 Hours | SQL Training | Simplilearn,Simplilearn,"Functional knowledge of  SQL  ( Structured Query Language ), the leading programming language for relational database¬†...",Programming Language Theory; Relational Database; Structured Query Language (SQL); Training; jQuery,Training
Ix-6AnGEB7I,The ETL Process,Optimal MRM,Optimal MRM is partnered with the Master of Mathematical Finance Program at the University of Toronto in the development of the¬†...,Extract Transform Load (ETL); Mathematical Finance,Accounting/Finance
NLCzpPRCc7U,Tableau Explained In 5 Minutes | What Is Tableau? | Tableau Training For Beginners | Simplilearn,Simplilearn,"Don't forget to take the quiz at 03:51! Comment below what you think is the right answer, to be one of the 3 lucky winners who can¬†...",Tableau; Training,Training
QUrVpL9oXrw,Natural Language Processing (NLP) and Machine Learning (ML) Techniques Applications in Finance,RavenPack,"Marko Kangrga, Head of Quantitative Research - Americas at RavenPack, shares his work on neural network sequence models¬†...",Finance; Machine Learning; Natural Language Processing (NLP); Neural Network; Quantitative Research; Sequence,Accounting/Finance
hhiXeTGl_Eo,Splunk Dashboard | Learn how to create a Splunk Dashboard | Splunk Training | Edureka,edureka!,------------------------------------------------- Checkout Edureka's Splunk's Tutorial Playlist: https://bit.ly/3gLRaEH Subscribe to our¬†...,Dashboard; Training,Training
L3GMwWKvKEs,Master Apache Hadoop - Infinite Skills Hadoop Training - learn Hadoop,Ynes Ashla,Link to this course(special discount) https://www.udemy.com/course/master- apache - hadoop /?,Apache Hadoop; Training,Training
w9p8ELFhJDA,Structured Query Language (SQL),Mushtak Gadkari,what is  sql  ?  SQL  CRUD operations.,Structured Query Language (SQL); jQuery,Manufacturing/Operations
DlBIhpDjhbY,Tableau Expert Full Course | Tableau Training | Tableau Tutorial | Tableau Full Course | Simplilearn,Simplilearn,"This video on "" Tableau  Expert Full Course"" will help beginners to  learn  the  Tableau  Fundamentals with a detailed theoretical¬†...",Tableau; Training,Training
PH7CYxvjk30,Data Preparation using Report Builder | Lecture #4 |  Data Preparation Demo | SAS VA Training,Data Guru - Simplified Data Science,"The DataGuru is a channel created by Prof Mahesh Mali, a  Data  Science Professor at various reputed engineering colleges,¬†...",Data Preparation; Data Science; Engineering; Jbuilder; SAS; Training,Training
lsINE1jlXYM,Apache Hive Architecture | Apache Hive | Apache Hive Introduction | Learn Apache Hive | Hive,cfamily,www.cfamily.com -- self-paced training portal eMail: info@cfamily.com  Apache  Hive is a data warehouse software project built on¬†...,Apache Hive; Architecture; Email; Training,Training
n2iYeN3-ido,Financial Statement Analysis - Master the Financial Stmts! - learn Finance,Bjj Bbj,link to this course¬†...,Finance; Financial Statement; Financial Statement Analysis,Accounting/Finance
pm48h_RKJ08,"Vocabulary in Digital Marketing - AB Testing | Meaning, process, precautions | Learn English | TELW",TELW The English Workshop,AB Testing  is a Digital Marketing vocabulary. It is a way in which you test the usefulness of a website. This is a technical term ‚Äì a¬†...,A/B Testing; Digital Marketing; English; QA Testing; TestNG,Marketing
vw8QDtTWiR0,Apache Pig Tutorial for Beginners | What is Apache Pig? | Edureka | Big Data Rewind - 2,edureka!,------------------------------------Edureka Online Training and Certification--------------------------------- DevOps Online Training:¬†...,Apache Pig; Big Data; DevOps; Training,Training
cFU6R9d8vh0,The Only Artificial Intelligence that can Learn - Deepmind Meta-Learning,AI News,Artificial Intelligence's biggest Problems is their inability to keep on  learning  after they've completed their training. But now¬†...,Artificial Intelligence (AI); Training,Training
PvTJ_MkF_wc,Apache Flume Training | Apache Flume Course Online Certification [Overview Of Apache Flume],MindMajix,"This Mindmajix  Apache  Flume Training for both freshers and experienced will help you to  learn  Flume fundamentals, Architecture,¬†...",Apache; Architecture; Training,Training
jJwAGrRZ6Tw,Day 1:  Apache Kafka Training,"The Learning Deck - ""Learn from Industry Experts""",,Apache Kafka; Training,Training
7jVi5jJbCTo,Income Statement  Learn Accounting Cycle in 60 minutes,Coding Knowledge,Coding_knowledge.,Accounting; Income Statement,Accounting/Finance
Q5RHd5fNt0U,Elements of Financial Statements.  Intermediate Accounting. CPA exam,Farhat's Accounting Lectures,"In this session, I explain the elements of  financial statements . Are you a CPA candidate or accounting student? Check my website¬†...",Accounting; Financial Statement,Accounting/Finance
7O2-icXoZSw,Statement of Cash Flows I Financial Statements I Financial Management I Accounts & Finance World,Accounts & Finance World,The Statement of Cash Flows or cash flow statement is a part of the three key  financial statements  that report the cash generated¬†...,Finance; Financial Management; Financial Statement,Accounting/Finance
Uy9_PUKSMjI,Balance Sheet  Learn Accounting Cycle in 60 minutes,Coding Knowledge,Coding_knowledge.,Accounting; Balance Sheet,Accounting/Finance
SY5YJVlUVG4,Vertical Analysis Of Financial Statements | CMA Lecture 01 | Mastering Accounting Skills,Mastering Accounting Skills,Asalam o Alaikum . Hope You Have Enjoyed This Video And Have Found It Useful To  Learn  More Cool Accounting Skills Don't¬†...,Accounting; Analysis; Financial Statement,Accounting/Finance
M0fx_1iuu6U,"""AUDITOLOGY by CA Niket Thacker"" - General Purpose Financial Statements",CA Niket Thacker,"Auditology is a series of important terms of Audit. In this series, CA Niket Thacker will explain the terms of Auditing in detail.",Audit; Financial Statement,Audit and Financial/Business Controls
WhqgKl1RZw4,MySQL vs MongoDB | Difference between MySQL and MongoDB | Learn MySQL | Learn MondoDB  | Edureka,edureka!,MySQL DBA Certification Training: https://www.edureka.co/mysql-dba This Edureka video on 'MySQL vs  MongoDB ' we can¬†...,MongoDB; MySQL; Training,Training
6UGDekCR-h4,Python Tutorial For Beginners | Learn Python In 1 Hour,Ashutosh Pawar,In this video we  learn Python  from scratch. We cover the following concepts: Math operations in Python. Print function in Python.,Python,Manufacturing/Operations
xeLfdBA9RKY,Tableau | Tableau tutorial | Tableau training for beginners | Full Course Part-1 4hours,Career Builder,tableau  dashboard business analyticsLearn data visualization through  Tableau  2021 and build opportunities for you or key¬†...,Business Analytics; Dashboard; Data Visualization; Tableau; Training; Visualization,Training
-4FpzEuDfKo,Tableau Sales KPI Dashboard Design Tutorial Step by Step with PowerPoint Designed Images,Data Science Tutorials,Learn  # tableau  by develop sales KPI Dashboard step by step with this design which includes Microsoft powerpoint as well to¬†...,Dashboard; Design; Image; Microsoft PowerPoint; Sales; Tableau,Sales
tPVT9B8TlDQ,PyTorch Tutorial For Beginners | Deep Learning with Python Tutorial | Edureka | DL Rewind - 2,edureka!,Edureka Tensorflow Training - https://www.edureka.co/ai-deep- learning -with-tensorflow This Edureka PyTorch for Deep  Learning ¬†...,Artificial Intelligence (AI); Deep Learning; PyTorch; Python; TensorFlow; Training,Training
E_py9Dky68s,Keras Tutorial For Beginners | Deep Learning Models Using Keras | Edureka | DL Rewind - 5,edureka!,Edureka Artificial Intelligence using Tensorflow Training(Use code: YOUTUBE20)¬†...,Artificial Intelligence (AI); Deep Learning; Keras; TensorFlow; Training,Training
mpHNSxg3qJo,Tableau Tutorial | TableauSoftware |Tableau Software |Tableau Learning | Tableau Course,4Achievers Pvt Ltd,"TableauSoftware Through the  Tableau  training period, applicants  learn  to understand how to implement the  Tableau  tool with¬†...",Tableau; Training,Training
3bYnV0pVJIM,"Seminar Online TOD 2021 - ""Learn About Statistics Nowadays""",TOD HIMASTA,"Seminar Training Olah Data 2021 "" Learn  About  Statistics  Nowadays"" Selamat Pagii!! Yang ditunggu telah hadirüôå . Statistik?! Yap¬†...",Statistics; Training,Training
KY6-dAy1WUk,Global Network Webinar: Coordinating Training in Official Statistics,UNStats,This Global Network Webinar focused on Coordinating Training in Official  Statistics  which featured a panel of experts: Mitali Sen¬†...,Network; Statistics; Training,Training
T7JDLlbOv7Y,Omer Levy | Natural Language Processing without Big Labeled Data,London Machine Learning Meetup,Monday 14 June 2021 Abstract: The latest methods in  NLP  involve pretraining a model on unlabeled text and then fine-tuning it¬†...,Natural Language Processing (NLP),Training
S1tMQUyP-gI,How to use R for Text Mining (Part I)  |  Natural Language Processing  | Data Science Training.,ACADA VIRTUAL LAB,It also shows the steps to Install and use relevant  Natural Language Processing  ( NLP ) packages. This includes the R code on¬†...,Data Science; Natural Language Processing (NLP); R; Text Mining; Training,Training
Qx-mXhkB5b8,Oracle PL/SQL Tutorial || Oracle PL/SQL Training for beginners || Learning Tube,Learning Tube,PL/ SQL  is a procedural  language  designed specifically to embrace  SQL  statements within its  syntax . PL/ SQL  program units are¬†...,Oracle; PL; Structured Query Language (SQL); Syntax; Training,Training
h-01cFFRwCg,What is sql and who can learn in telugu 04,VLR Training,"... Training  SQL  is  Structured Query Language , which is a coding for putting away, controlling and recovering information put away¬†...",Coding; Structured Query Language (SQL); Telugu; Training; jQuery,Training
dU_u8ORN3Jg,CAII HAL Training: Hands-On Deep Learning for Computer Vision (Asad Khan),NCSAatIllinois,This tutorial will introduce how  machine learning  can be accomplished with neural networks and will go over various examples¬†...,Computer Vision; Deep Learning; Golang; Machine Learning; Neural Network; Training,Training
yVnKakTX9Ls,Session on Computer Vision by Dr. Rupali Kulkarni,Rajiv Bhandari,"In order to build a robust deep  learning  model for  Computer Vision , one must apply high-quality datasets into the training phase.",Computer Vision; Dataset; Deep Learning; Training,Training
Gars7QyQ7Ko,"Shone, Shot, Meant, Ran, Stolen, Stuck, Learn Meaning And To Use These Words Of Vocabulary Day- 28",Fateh Ielts,Contact 7837907680 for online/ offline training of both academic and general training modules of IELTS. Let's build the vocab first¬†...,Training,Training
C6mzO-MZpmQ,ETL Testing Training | ETL Testing Certification Online Course [What Is ETL Testing] - MindMajix,MindMajix,This Mindmajix  ETL  Testing Training for both freshers and experienced will help you to gain an in-depth understanding of Data¬†...,Extract Transform Load (ETL); TestNG; Testing; Training,Training
gGelXqgjmmI,Talend ETL Tool Tutorial For Beginners & Advanced| Real Time Online Training| Venkat| +91-9538160185,Talend By Venkat,"Hi All, I am providing Talend Data Integration  ETL  Tool Real Time Online Training Classes . If any one interested to  learn  ,please¬†...",Extract Transform Load (ETL); Talend; Training,Training
fOYnDiSv-fA,Annual Sales Calendar for Sales Dashboard in Excel,PK: An Excel Expert,"SalesDashboard #ConditionalFormatting Hello Friends, In this video, you will  learn  how to create an Annual Sales Calendar for¬†...",Calendar; Dashboard; Microsoft Excel; Sales,Sales
5MiNEYxEH5M,3D Chart for Weekly Sale in Excel,PK: An Excel Expert,"3DChart #SalesChart Hello Friends, In this video, you will  learn  how to create 3D Chart for Weekly Sale. We have used 3D¬†...",Chart; Microsoft Excel,Sales
zLqSNrBJGEA,Cisco Nexus Dashboard: One Platform for Hybrid Cloud Automation,Tech Field Day,"Learn  how Cisco Data Center Nexus  Dashboard  can bring together unified proactive operations, actionable insights that scale¬†...",Automation; Dashboard; Platform,Manufacturing/Operations
o4jbeFNJTjY,Cisco Nexus Dashboard Insights: IT Operations Made Simple,Cisco,"Learn  how to enable the automation necessary to deliver services faster, make changes with confidence, help network operations¬†...",Automation; Dashboard; IT Operations; Information Technology (IT); Network,Manufacturing/Operations
0tCZ55yv3mA,Artificial Intelligence for Accountants Part 1: What is AI,Rizwan Ahmed,"The series for accounting and finance professionals to  learn Artificial Intelligence . #Accountants, # AI  Background Music Credit:¬†...",Accounting; Artificial Intelligence (AI); Finance; Music,Accounting/Finance
7M1_N0fuWgc,Power BI Advanced Tutorial,Learnit Training,Power BI  Advanced  Tutorial  Exercise Files: https://bit.ly/2W9iMvZ For ad free  training  and certificates please join Learnit Anytime:¬†...,Business Intelligence (BI); Microsoft Power BI; Training,Training
bSAus3Ixhk8,Power BI Expert Tutorial,Learnit Training,Power BI  Expert  Tutorial  Exercise Files: https://bit.ly/2W9iMvZ For ad free  training  and certificates please join Learnit Anytime:¬†...,Business Intelligence (BI); Microsoft Power BI; Training,Training
UZU4VyqGF30,Power BI Master Tutorial,Learnit Training,Power BI  Master  Tutorial  Exercise Files: https://bit.ly/2W9iMvZ For ad free  training  and certificates please join Learnit Anytime:¬†...,Business Intelligence (BI); Microsoft Power BI; Training,Training
GVjGSeresIM,DAX for Power BI Part 1 - Getting Started with DAX for Power BI,WiseOwlTutorials,"... the Chart Visit https://www.wiseowl.co.uk for more online  training  resources in  Microsoft  Excel,  Microsoft Power BI , DAX, VBA,¬†...",Business Intelligence (BI); Chart; Microsoft Excel; Microsoft Power BI; Training; Visual Basic For Applications (VBA),Training
cdUg8LfarCg,PROJECT MANAGEMENT in Power BI? Create a GANTT CHART from a bar chart | NO CUSTOM VISUAL solution,How to Power BI,GANTT Charts are very useful for project management. In this video I walk you through how you can turn a normal native bar chart¬†...,Bar Chart; Gantt Chart; Microsoft Power BI; Project Management,Project/Program Management
4stvuDKPFzM,An Overview on Power BI | Power BI Tutorial for Beginners | Video by igmGuru,IgmGuru,Power BI Tutorial  for  Beginners  The  Microsoft Power BI Training  by igmGuru is designed to assist users in dynamic  learning  about¬†...,Business Intelligence (BI); Microsoft Power BI; Training,Training
DTWn6EzRXXQ,Data Analytics with Microsoft Power BI ELearning Training,OEM Office Elearning Menu,"Order this unique E- Learning course  Data Analytics with  Microsoft Power BI  online, 1 year 24/7 access to rich interactive videos¬†...",Business Intelligence (BI); Data Analytics; Microsoft Access; Microsoft Power BI; Training,Training
uXtGzgP-82g,Reinforcement Learning in Machine Learning | Reinforcement Learning an Introduction,Data Science World,Reinforcement learning  is a machine learning training method based on rewarding desired behaviors and/or punishing undesired¬†...,Azure Machine Learning; Reinforcement Learning; Training,Training
Jy3wHG39uak,MALAYSIAN NETWORKS: Epidemic and Finance (English with Malay discussions),Fatimah Abdul Razak,"Presented on 12 Sept 2021 at Seminar Algebraic Structures and  Graph Theory , Universiti Putra Malaysia.",English; Finance; Graph Theory; Malay; Network,Accounting/Finance
e64suMBxHTw,Manufacturing Analytics with DELMIA Apriso Dashboard Builder and Hadoop with Hive,GGBigData,The video demonstrates DELMIA Apriso Dashboard Builder providing manufacturing quality analytics based on the data collected¬†...,Analytical; Apache Hadoop; Apache Hive; Dashboard; Jbuilder; Manufacturing,Manufacturing/Operations
gDhQjJvew0c,Learn Google Cloud for FREE - Exclusive early access!!,Cloud Advocate,Offering 32+ hands-on training labs available for free ($55+ value). Each lab is designed to help you  learn  a new aspect of  cloud ¬†...,Google Cloud Platform (GCP); Training,Training
yNfiMtMIf-4,Oracle Free Cloud Training & Certification | Cloud Computing Free Course | Cloud Computing Tutorial,Learning Cart,Oracle Free Cloud Training & Certification |  Cloud Computing  Free Courses |  Cloud Computing  Tutorial | Free Courses | Free¬†...,Cloud Computing; Oracle; Training,Training
tIlS7zNyAQA,How to Become a Cloud Architect (Cloud Architect Training - Don‚Äôt Get 10X AWS Certifications),Go Cloud Architects,On our channel we do everything we can to help you with your cloud career training and  cloud computing  career. We provide an¬†...,Amazon Web Service (AWS); Cloud Computing; Training,Training
NWqL3ZccBBM,Data Cleaning in Machine Learning | Machine Learning Tutorial | | Edureka | ML Rewind - 5,edureka!,Edureka Machine  Learning  Certification Training: https://www.edureka.co/machine- learning -certification-training This Edureka¬†...,Data Cleansing; Machine Learning; Training,Training
rp8ZGHtd8Os,Ep. 1: Using RingLead to Cleanse Your Marketing & Sales Database,DemandGen (now BDO Digital),"In Episode 1 of this 3-part video-series on the RingLead  Data  Orchestration Platform, John Kosturos from RingLead (now¬†...",Database; Marketing; Platform; Sales,Sales; Marketing
1vxbSc8Wnl8,Excel Dashboard - Sales Dashboard using Excel for Beginners - learn Microsoft,ne y,link to this course¬†...,Dashboard; Microsoft; Microsoft Excel; Sales,Sales
43EbUz3opb4,25 minutes Presentation (1),Sidra Anjum Hashmi,Here in Network Marketing we are going to  learn  How to present your business plan in 25 minutes.,Business Plan; Marketing; Network; Presentation,Marketing
HOz4EftateE,Practicum Presentation - Dianne Hanson's Learning Cluster: Moving SMEs to Virtual Training,Learning Cluster Design,"Dianne Hanson, shares her final product, her  Learning  Cluster on moving SMEs to Virtual Instructor Led Training, that she¬†...",Presentation; Training,Training
uE9xmNRd190,The Simple A/B Testing Framework Every Entrepreneur Should Master,Thrive Themes,We achieved a 25% lift in conversions on one of our sales pages with a simple A/B  test . Want to  learn  how we did it? Then watch¬†...,A/B Testing; Sales; TestNG,Sales
JLWJNSV2Ya0,Amazon A/B Testing - How to Use Them and What Test is Best,Effective on Amazon,"A/B  testing  is a staple of digital marketing that hasn't been available on Amazon‚Ä¶ until now! With Amazon's Main Image, Product¬†...",A/B Testing; Digital Marketing; Image; TestNG,Marketing
GjhYdktQQaQ,A/B Split Testing in Email Marketing,UseINBOX,A/B  Split  Campaign is the perfect tool to get to know your subscribers and send them more engaging content. Creating an A/B  split ¬†...,Email Marketing; TestNG; Testing,Marketing
--PX50qRoyE,Case Studies in A/B Testing | Analytics Nexus 2019,Claravine,"Merritt Aho, Marketing Director of Testing & Optimization at Dun & Bradstreet presents ""Case Studies  in A/B Testing "" at Analytics¬†...",A/B Testing; Data Analytics; Marketing; TestNG,Marketing
FOg3Ljh8sQU,A/B Test Explained | Web Pro Glossary - Online Marketing  Vol.1,GoDaddy Pro,"How to explain an A/B  Test  to your clients: In marketing, an A/B  test  lets you present different versions of content (A and B) to your¬†...",Online Marketing,Marketing
etg2zs_TmF8,Learn Tableau by Developing Retail Sales KPI Business Dashboard with Automated Analytical Summary,Abhishek Agarrwal,Learn  how to create tableau retail sales dashboard with some creative  visualizations  and KPIs and automated analytical summary¬†...,Analytical; Dashboard; Retail; Sales; Tableau; Visualization,Sales
-vpdlk3DxVg,Excel 2016 Advanced Level Training | Video Tutorials - learn Microsoft,Brett Allison Ana Dana,link to this course¬†...,Microsoft; Microsoft Excel; Training,Training
1_ez0rVhhEc,Financial Statements,Dr. Veronica Paz,Principles of Accounting I  Financial Statements  Lesson on my webpage https://www.drvpaz.com/ financial - statements .,Accounting; Financial Statement,Accounting/Finance
3ZrnMcQW6E0,Reading Financial Statements like a Pro - learn Finance,TRAP_MOUDY,link to this course¬†...,Finance; Financial Statement,Accounting/Finance
4ULMiqk4S1Q,Learn Microsoft Excel- Beginners! Lesson 1 @ PC Brain Trainer #exceltutorial #bhfyp #excel,PC Brain Trainer - Top Tech Tutor,Microsoft Excel tutorial for beginners.  Learn Microsoft Excel - Beginners! Lesson 1 #exceltutorial #excel #exceltraining¬†...,Microsoft Excel,Training
4_jzA7f1xcI,9.8 ElasticSearch Training - Apache Pig to ElasticSearch Data Processing application part 1,DataShark Academy,This comprehensive course focuses on building real world like data pipelines to move data from one system to another.,Apache Pig; Data Pipeline; Elasticsearch; Processing; SystemC; Training,Training
5RsPoyN40Z0,Microsoft Dynamics 365 Marketing: A/B Testing,CRM Dynamics,Please subscribe to watch an informational webinar on the Microsoft Dynamics 365 Marketing Application:  A/B Testing . There are¬†...,A/B Testing; Marketing; Microsoft; TestNG,Marketing
7t8hUbfmQ0s,10.3 ElasticSearch Training - Build Data Pipeline loading data from ElasticSearch to Apache PIG,DataShark Academy,This comprehensive course focuses on building real world like data pipelines to move data from one system to another.,Apache Pig; Data Pipeline; Elasticsearch; PipelineC; SystemC; Training,Training
8YknNTQI5_E,Learn Data Analysis of Supply Chain Data Using Microsoft Excel Part 1: Data Preparation,uneXplord Solutions LLP,"In this video, you can  learn Data Preparation . Where we will be using various functions of MS Excel.",Data Analysis; Data Preparation; Microsoft Excel,Supply Chain and Logistics
9lp-aRAEz4c,Presentation Skills: Public Speaking Presentations done well - learn Communications,MadDe Demon DrMundo Nautilus,link to this course¬†...,Clear Communication; Presentation; Public Speaking,Corporate Affairs/Communications
A5LTAf41oJs,10.1 ElasticSearch Training - Data Processing using ElasticSearch to Apache PIG Chapter Objective,DataShark Academy,This comprehensive course focuses on building real world like data pipelines to move data from one system to another.,Apache Pig; Data Pipeline; Elasticsearch; Objective-C; Processing; SystemC; Training,Training
AHBCP2-nDh4,Apache Hadoop Administration Tutorial for Beginners - Full Course,DataZ,I'm going to explain  apache hadoop  administration. First we i will explain bigdata and hadoop introduction. Next i will explain¬†...,Administration; Apache Hadoop,General Management and Administration
CZisVUeQR-E,Mastering Microsoft Excel 2010 Made Easy Training Tutorial - learn Microsoft,Jamie Michael,link to this course¬†...,Microsoft Excel; Training,Training
ChZFWbZ5bF8,Chess Visualization Training,NM Robert Ramirez,"At this point in the course, many of you have acquired a good tactical foundation. Your brain is able to effortlessly identify different¬†...",Training; Visualization,Training
E5DNz7UmL0c,Simple Financial Statement Tutorial / Made Easy Accounting,S and J Trends,Watch the  financial statement  tutorial.,Accounting; Financial Statement,Accounting/Finance
EiI69BdWKPs,"""Training an Autonomous Pentester with Deep RL"" by Shane Caldwell",Strange Loop Conference,Deep  reinforcement learning  has proven useful in training agents that  learn  useful tasks through trial and error. Can we use these¬†...,Reinforcement Learning; Training,Training
HPnj7Lx_Qtc,Presenting Under Stress: Presentation Skills Fundamentals - learn Sales,caztegramu,"Change your thoughts andbehavior, to set free the best version of yourself ,,How can we ensure that our  presentations  go well,¬†...",Golang; Presentation; Sales,Sales
IR5SqKovcIU,9.7 ElasticSearch Training - Prepare dataset for Apache Pig to ElasticSearch Data Processing,DataShark Academy,This comprehensive course focuses on building real world like data pipelines to move data from one system to another.,Apache Pig; Data Pipeline; Dataset; Elasticsearch; Processing; SystemC; Training,Training
JRh9PZfz_UY,9.5 ElasticSearch Training - Apache PIG Configuration,DataShark Academy,This comprehensive course focuses on building real world like data pipelines to move data from one system to another.,Apache Pig; Configuration; Data Pipeline; Elasticsearch; SystemC; Training,Training
KUr8MLQdv2o,7.9 ElasticSearch Training - Process data from Apache Hive table to ElasticSearch Index Part 1,DataShark Academy,This comprehensive course focuses on building real world like data pipelines to move data from one system to another.,Apache Hive; Data Pipeline; Elasticsearch; SystemC; Table; Training,Training
LVADAqeHncE,Financial Statements for Beginners in 1 Hour or Less - learn Finance,Jimmy Neutron,link to this course¬†...,Finance; Financial Statement; LeSS,Accounting/Finance
MGtUlislAbA,MongoDB Training (beginner to expert level) - learn IT Certification,Amy Ana,link to this course¬†...,Information Technology (IT); MongoDB; Training,Training
N1fbk4ud8Kw,Data Preparation for Machine Learning | Free Course Part 3,Corporate Finance Institute,"Data  science allows us to make  data -driven insights. In this Free  Data  Science Course by Corporate Finance Institute, we will give¬†...",Corporate Finance; Data Preparation; Data Science; Machine Learning,Accounting/Finance
OjAGUl3CbL4,Learn Python Programming Masterclass for Free,Top 10 iluxe ,This  Python  For Beginners Course Teaches You The  Python  Language Fast. Includes  Python  Online Training With  Python  3.,Python; Training,Training
PT1Y3u8hCRE,Mastering Microsoft Excel 2016 Made Easy Training Tutorial - learn Microsoft,jawad kanbar,link to this course¬†...,Microsoft Excel; Training,Training
QZZPJ_Nn_Nk,Java Simple Math Operations | Addition | Subtraction | Multiplication | Division | Learn Java,Learn Java Practicals,"Hello Dear Viewers , Welcome to my Channel , A Video book where we write and execute . This channel helps you with  learning ¬†...",Division; Java; Multiplication; Subtraction,Manufacturing/Operations
S0O0ti91rdo,Passing LinkedIn's Microsoft Power BI Essential Online Training Exam | NASBA Free Course Certificate,Emma Ay√≤,"In this video, I'm sharing my process for your practice on how you can pass LinkedIn's  Microsoft Power BI  Essential Online¬†...",Business Intelligence (BI); Microsoft Power BI; Training,Training
Sgc549id0eE,What is Data Science | Free Course part I,Corporate Finance Institute,"Data  science allows us to make  data -driven insights. In this Free  Data  Science Course by Corporate Finance Institute, we will give¬†...",Corporate Finance; Data Science,Accounting/Finance
TR6vn4lZ3Mo,Machine Learning: Python Simple Linear Regression | Predict future sales | Predictive Analytics,BI Insights Inc,In this video we will predict a company's sales using simple  linear regression . We use training dataset that has Marketing Budget¬†...,Budget; Dataset; Machine Learning; Marketing; Nonlinear Regression; Predictive Analytics; Python; Regression; Sales; Simple Linear Regression; Training,Sales; Training; Marketing
UVAToD-vqkU,Regression Problem in MATLAB | Deep Learning | MATLAB Helper,MATLAB Helper ¬Æ,00:00 Introduction 00:22 Data information 00:53 Fitting of network 01:27 Training of network 04:08 Training parameters #Deep¬†...,Deep Learning; MATLAB; Network; Regression; Training,Training
WkDqIWoS-e0,7.2 ElasticSearch Training - Build Data Processing Application using Apache Hive and ElasticSearch,DataShark Academy,This comprehensive course focuses on building real world like data pipelines to move data from one system to another.,Apache Hive; Data Pipeline; Elasticsearch; Processing; SystemC; Training,Training
YlWSvMoTSac,AB Testing Strategies & Best Practices with Google Optimize - learn Digital Marketing,Ali Sayed,link to this course¬†...,A/B Testing; Digital Marketing; QA Testing; TestNG,Marketing
YzR2gZrsdJc,The Principles of Deep Learning Theory - Dan Roberts,Institute for Advanced Study,IAS Physics Group Meeting Topic: The Principles of  Deep Learning  Theory Speaker: Dan Roberts Affiliation: MIT & Salesforce¬†...,Deep Learning; Physics; Salesforce,Sales
_W6ED-0sBw8,9.4 ElasticSearch Training - Apache PIG Installation,DataShark Academy,This comprehensive course focuses on building real world like data pipelines to move data from one system to another.,Apache Pig; Data Pipeline; Elasticsearch; SystemC; Training,Training
aFyfL21m0x8,How to A/B Test Emails | Ecommerce Examples | Best Practices,Kasey Luck,A/B testing  (or  split testing ) in email marketing is a very powerful tool that will allow you to increase not only open rate and click¬†...,A/B Testing; Email Marketing; TestNG; eCommerce,Marketing
bC2PlXYuELw,Microsoft Power Platform Fundamentals (PL-900) Full Course [Complete Training],Cloud9 Lessons,"Microsoft Power  Platform Fundamentals (PL-900) Full  Course  [Complete  Training ] Cover Topic PL-900 full  course , PL-900 free¬†...",Microsoft; PL; Platform; Training,Training
bCTsq-HgTlI,HR Analytics - Build Dynamic Excel Dashboard from Scratch - learn Human Resources,Video del cilindro,link to this course¬†...,Dashboard; Human Resource (HR); Microsoft Excel; Scratch,Human Resources
bRG3rtciNAU,8.2 ElasticSearch Training - Store data from ElasticSearch to Apache Hive Tables Chapter Objectives,DataShark Academy,This comprehensive course focuses on building real world like data pipelines to move data from one system to another.,Apache Hive; Data Pipeline; Elasticsearch; SystemC; Table; Training,Training
cjqJxu3-Pbs,A| CONCEPTUAL FRAMEWORK FOR FINANCIAL REPORTING  (MALAYSIA) - AN INTRODUCTION | FAR210,Madam Yusnaliza Hamid,"Introduction to the Conceptual Framework for  Financial Reporting . In April 2018, the Malaysian Accounting Standard Board¬†...",Accounting Standards; Reporting,Accounting/Finance
d9Mt67UKSio,Databricks Certified Developer for Spark: How To Pass & Training Guide,Florian Roscheck | Databricks Certified Spark Dev,"Are you training to become a Databricks Certified Associate Developer for  Apache Spark  3.0? In this video, I guide you through¬†...",Apache Spark; Databricks; Training,Training
dY_1Y6ehqoM,"Building a Simple CRUD App with Node, Mongoose, and MongoDB",TechCode,"In this course we will build a simple application to show how to perform full CRUD (create, read, update, delete) operations within¬†...",MongoDB; Node.js,Manufacturing/Operations
dn6Btsmtrsg,9.1 ElasticSearch Training - ElasticSearch Integration with Apache PIG Introduction,DataShark Academy,This comprehensive course focuses on building real world like data pipelines to move data from one system to another.,Apache Pig; Data Pipeline; Elasticsearch; SystemC; Training,Training
fEtPPcvTR5U,7.5 ElasticSearch Training - Configure Apache Hive to connect it to ElasticSearch application,DataShark Academy,This comprehensive course focuses on building real world like data pipelines to move data from one system to another.,Apache Hive; Data Pipeline; Elasticsearch; SystemC; Training,Training
fSQCz1SbuGg,Upgrading to the New Magic ETL,Domo,0:00 Intro 0:32 Null Handling with Filter Rows 1:34 Date & Time Parsing 2:18 Date & Time Operations 2:53 Joining and¬†...,Extract Transform Load (ETL); Parsing,Manufacturing/Operations
fcbB0nkDik8,Introduction to Microsoft Excel - Excel Basics Tutorial,warikoo,"Finally, a dedicated video to MS  Excel ! In almost every video I make about Personal Finance, I figure out a way to include MS¬†...",Finance; Microsoft Excel,Accounting/Finance
gF0MTMrNXFY,Computer Vision - How Machines learn to Interpret Images ‚Äì DataMites Webinars,DataMites,DataMites is a global training institute for data science and ai courses. if you are looking for certified courses join DataMites now.,Artificial Intelligence (AI); Computer Vision; Data Science; Image; Interpreter; Training,Training
gtkLsUvFStk,Task1- Do ETL : Extract- transform-load some amazon dataset and finds sales trend,Mohit Thakur,Hello Everyone! I am happy to share with you all that i have completed task1 of my internship at The Intern Academy.,Dataset; Extract Transform Load (ETL); Sales; Transformer,Sales
h6Ro9USXwm4,Hadoop Administration: An easy way to become a Hadoop Admin - learn Network & Security,‡§Ö‡§Ç‡§§‡§∞‡§ø‡§ï‡•ç‡§∑ Tv about antariksh,link to this course¬†...,Administration; Apache Hadoop; Network; Security,General Management and Administration
hn3NkUrL3_o,PowerPoint presentation course. Learn to create Fantastic PowerPoint presentation in 30 minutes.,King of PowerPoint presentation,Training course - how to create Fantastic professional PowerPoint  presentation  in 30 minutes. In one course from zero to master of¬†...,Microsoft PowerPoint; Presentation; Training,Training
iK0EUCdB5FU,Accounting Ratios for Financial Statement Analysis,smarthelping | Jason Varner,All the ratios you will ever need to analyze  financial statements  of publicly traded companies or private if you have the data.,Accounting; Financial Statement; Financial Statement Analysis; Trade,Accounting/Finance
k-3y1n4shSI,How to Make a Great Presentation - learn Communications,arigato narutokun,link to this course¬†...,Clear Communication; Presentation,Corporate Affairs/Communications
kOp4bhurscw,Microsoft Excel Basics - Creating a Sales Report - learn Microsoft,Lucian Baldum Dominique Xayah,link to this course¬†...,Microsoft Excel; Sales,Sales
lRGZhT_0u_8,8.1 ElasticSearch Training - Moving data from ElasticSearch to Apache Hive Table Introduction,DataShark Academy,This comprehensive course focuses on building real world like data pipelines to move data from one system to another.,Apache Hive; Data Pipeline; Elasticsearch; SystemC; Table; Training,Training
mdkJlORR-QY,"Artificial Intelligence:Skills for how to Future-Proof Your Accounting Career in AI, RPA & ML?",Accounts Gurukul,"Artificial Intelligence :Skills for how to Future-Proof Your Accounting Career in  AI , RPA & ML?",Accounting; Artificial Intelligence (AI),Accounting/Finance
nrIPLiXu51Y,Why do your marketing A/B tests fail? // A/B testing tutorial // What is statistical significance?,Elena Bezborodova,categoryId=44121  A/B testing  guide by VWO https://vwo.com/ ab - testing / ABOUT ME: Hey there! I am a digital marketer with 5¬†...,A/B Testing; Marketing; QA Testing; TestNG,Marketing
o40L_aO1u3U,Machine Learning & Data Science Cycle | Free Course Part II,Corporate Finance Institute,"Data  science allows us to make  data -driven insights. In this Free  Data  Science Course by Corporate Finance Institute, we will give¬†...",Corporate Finance; Data Science; Machine Learning,Accounting/Finance
r-7V2s05_ko,Apache Hadoop Essential Training - learn Database Design & Development,George Brack,link to this course¬†...,Apache Hadoop; Database Design; Training,Training
rH78VCqWwQQ,Learn MongoDB Compass CRUD Operations Without Query in 15 Minutes,Kaushik Roy Chowdhury,"FREE PROMO (Till 06th Nov, 9PM NZ Time):¬†...",MongoDB; jQuery,Manufacturing/Operations
rIm_-h5u4xQ,How to Read Balance Sheet - learn Finance,COOKIE xFINDER,link to this course¬†...,Balance Sheet; Finance,Accounting/Finance
sEUD5RKT3bM,Database Management Systems Part - 2,Perceptive Analytics,Database Management Systems  Part - 2 Kalam Knowledge Sharing Session (KKSS) is an internal training session in Perceptive¬†...,Database Management System (DBMS); Training,Training
tYOtDbaqQ64,Video Presentation & Public Speaking Skills: Complete Guide - learn Communications,Ashe Hector Johnathan,link to this course¬†...,Clear Communication; Presentation; Public Speaking,Corporate Affairs/Communications
uycGizSRGc8,Presentation Design for Smart People - learn Communications,Bakwan Goreng,link to this course¬†...,Clear Communication; Design; Presentation,Corporate Affairs/Communications
vnrXoAq0eRw,Database Management Systems Part - 3,Perceptive Analytics,Database Management Systems  Part - 3 Kalam Knowledge Sharing Session (KKSS) is an internal training session in Perceptive¬†...,Database Management System (DBMS); Training,Training
wVBGS6_8beE,R Programming Course | Learn R Programming | Intellipaat,Intellipaat,#RProgrammingCourse #LearnRProgramming #RProgrammingForBeginners #LearnRLanguage #RTraining¬†...,R,Training
wisM4LEOwDs,8.4 ElasticSearch Training - Build data processing applications using Apache Hive and ElasticSearch,DataShark Academy,This comprehensive course focuses on building real world like data pipelines to move data from one system to another.,Apache Hive; Data Pipeline; Elasticsearch; Processing; SystemC; Training,Training
xPpk9F2mSPg,Financial Statements 101 - learn Finance,La Divina Pastora,link to this course¬†...,Finance; Financial Statement,Accounting/Finance
xTq5G8zsZVY,Microsoft Excel Training: From Zero to Hero in 8 Hours - learn Microsoft,Krixi MasterYi Treant,link to this course¬†...,Microsoft Excel; Training,Training
zXZf8kKM9NA,01 SAP BTP CAPM Training with Mongo DB | Setup Mongo Atlas in Cloud | contact@anubhavtrainings.com,Anubhav Oberoy,MongoDB  is a free and open-source cross-platform document-oriented database program.  Learn  How start with  mongo  atlas¬†...,Document-oriented Database; Free Hand; MongoDB; MongoDB Atlas; Platform; SAP; Training,Training
7E6vjB7gYLE,A&A Update with Brad Muniz ‚Äì 11/2/21 | IssuesWatch Podcast,NJCPA,This episode focuses on what auditors need to  know  about the AICPA's new standard on risk-based auditing: SAS 145¬†...,Audit; SAS,Audit and Financial/Business Controls
A8nNjpaiP5M,C++ Weekly - Ep 296 - Constraining `auto` in C++20,C·ê©·ê© Weekly With Jason Turner,Support this channel and  learn  something new; buy my  C++  Best Practices Book! https://leanpub.com/cppbestpractices My¬†...,C++,Training
IcLXLathLfU,Learn Python from Scratch (Day-1)-One Week Live Training Programme,Dr. ENUGALA RAJU,Starts From: 31/10/2021 Timings: Everyday @6PM After attending this course you can  learn Python  programming in a easy way.,Python; Scratch; Training,Training
RSKYdLu87QA,Networking For Cloud Computing (Cloud Network Training ‚Äì Key To Your Cloud Architect Career),Go Cloud Architects,In this video Networking For  Cloud Computing  (Cloud Network Training ‚Äì Key To Your Cloud Architect Career) we go over¬†...,Cloud Architecture; Cloud Computing; Golang; Network; Networking; Training,Training
VH4lIirQJyg,Data-driven approach to A/B testing of mobile games/apps ‚Äî Webinar,Appbooster ‚Äî –ø—Ä–æ–¥–≤–∏–∂–µ–Ω–∏–µ –ø—Ä–∏–ª–æ–∂–µ–Ω–∏–π,Our Sales Director Sam Ganzha is going to talk about a new data-driven approach to  A/B testing  in mobile games. You'll  learn ¬†...,A/B Testing; Mobile Game; Sales; TestNG,Sales
jy2ZEddLIv4,QEHS Integrated Audits Lessons Learned 2021 rev1,"Innovation Training and Consulting, Inc.","Find out lessons  learned  from many integrated audits conducted for quality (ISO 9001), environmental (ISO 14001), and health¬†...",Audit; ISO 9001,Audit and Financial/Business Controls
SX6-WMkOmyI,Learn Growth Marketing with Gina Gotthilf of Duolingo,Growth Tribe,Gina led growth and marketing for 5 years at Duolingo. Growing the brand from 3 to 200 million users in 4 years with no paid¬†...,Marketing,Marketing
0_PF6ei-nLo,ETL Testing || Demo Session Part_01,SVK TECH,"Online / Offline training sessions are available on  ETL  / DWH Testing, DB Testing by Sreekanth. Offline Classes Location:¬†...",A/B Testing; Extract Transform Load (ETL); TestNG; Training,Training
2aMeMglYySA,Tableau Demo,Learn Tableau Online,"This video is about  Tableau  training. It covers common questions,  Tableau  and SQL course outline.",Structured Query Language (SQL); Tableau; Training,Training
7Xa0ZWG_Bz8,Power BI Tutorial for Beginners - Full Course (2021) NEW,How To Office,"Welcome to this  Microsoft Power BI  Business Intelligence  Training Course  for  Beginners . This is a Beginner  Course  on  Power BI ,¬†...",Business Intelligence (BI); Microsoft Power BI; Training,Training
CGgXHsD19Ek,Sales Dashboard in Power BI | Power BI Dashboard,Lean Excel Solutions,"In this video, it is demonstrated to create a sales  dashboard  in Power BI. A similar  dashboard  is created in Microsoft Excel earlier.",Business Intelligence (BI); Dashboard; Microsoft Excel; Microsoft Power BI; Sales,Sales
IwzVcixkhmw,MATLAB Coding Guidelines - part 2 | Learn MATLAB Programming | Become an Embedded Engineer | Uplatz,Uplatz,"Welcome to Uplatz! Uplatz is a leading organization providing Management Consulting, IT Training, Virtual employees, and¬†...",Coding; Information Technology (IT); MATLAB; Management Consulting; Programming; Training,Training
L5f5z_kcX8s,Part 1/2 How to Read Financial Reports for Dummies FULL AUDIOBOOK Great to know for Value Investing,Hightower Investing and History Network,"Warren Buffett: ""If you must take one class in college  learn  accounting! It was the most helpful class I took.  Financial  accounting is¬†...",Financial Accounting,Accounting/Finance
MRtHNqafufg,Interactive Personal Finance Dashboard,MyOnlineTrainingHub,"Visualise, keep track of and manage where you're spending your money with this interactive Excel personal finance  dashboard .",Dashboard; Finance; Microsoft Excel,Accounting/Finance
QfLqzdTqGTs,Data Augmentation in MATLAB | Deep Learning | MATLAB Helper,MATLAB Helper ¬Æ,00:00 Introduction 00:23 What is Data Augmentation? 01:14 Information about the dataset 02:18 Training of convolutional neural¬†...,Dataset; Deep Learning; MATLAB; Training,Training
Sr0CqgcaBiI,Live Matt Dancho (Business Science) - Tidy Time Series Analysis in R,EstaTiDados,"I've previously held titles of sales executive, data science consultant, and now course creator to teach my knowledge - My main¬†...",Data Science; R; Sales; Time Series Analysis,Sales
U1gFfUrX-Ls,Convolutional Neural Network in MATLAB | Deep Learning | MATLAB Helper,MATLAB Helper ¬Æ,00:00 Introduction 00:50 Information about MNIST dataset 04:15 Training of convolutional neural network #Deep # learning  is a¬†...,Convolutional Neural Network (CNN); Convolutional Neural Network (ConvNet); Dataset; Deep Learning; MATLAB; Training,Training
UVW7zusA6p8,HAMILTONIAN PATH & TRAVELLING SALESMAN PROBLEM | GRAPH THEORY | DISCRETE MATHEMATICS,COSMOS LEARNING,"The traveling salesman problem (also called the travelling salesperson problem or TSP) asks the following question: ""Given a list¬†...",Discrete Mathematics; Graph Theory; Team Software Process (TSP),Sales
VsX32lYdvRE,Optimization with reinforcement learning on digital twins - Jeroen Boeye Head of Machine Learning,Faktion,What are things in common between The Matrix and your Manufacturing Operations? Here is our Head of Machine  Learning ¬†...,Machine Learning; Manufacturing Operations; Optimization; Reinforcement Learning,Manufacturing/Operations
YGfL9qRB1GI,Learn How To Do The LegalShield Presentation,"Chris Ward, LegalShield Independent Associate","Technology has given LegalShield associates the ability to leverage third-party, evergreen videos when sharing the LegalShield¬†...",Presentation,Legal
bjLIA1vSqGs,Interactive Sales Dashboard in Excel| Dynamic Excel Dashboard,Lean Excel Solutions,There are 5 sheets within the Excel Workbook- 1.  Dashboard : Interactive  Dashboard  with visuals 2. Input Data: This sheet has to¬†...,Dashboard; Microsoft Excel; Sales,Sales
gMInSMbHn0s,Free and Complete BigData Hadoop Demo with RDBMS vs Hadoop explanation,Big Data Hadoop,"... Big Data Administrator Training, You Will Get To See Hadoop Administration Course Content, And  What Is Big Data  Analytics,¬†...",Administration; Apache Hadoop; Big Data Analysis; Big Data Analytics; Free Hand; Training,General Management and Administration; Training
ht4kJsZluVU,Training a Reinforcement Learning Agent to Play Soccer,Coding Tech,"""Grokking Deep  Reinforcement Learning "" uses engaging exercises to teach you how to build deep learning systems. This book¬†...",Deep Learning; Play; Reinforcement Learning; Training,Training
lDe8Gi_b0xY,TensorFlow for Computer Vision #3 - Training an Image Classifier with CNNs | Better Data Science,Better Data Science,Train your first Convolutional Neural Network for image classification! The video covers the theory behind convolutions and¬†...,Classification; Computer Vision; Convolutional Neural Network (CNN); Convolutional Neural Network (ConvNet); Data Science; Image; TensorFlow; Training,Training
m59m1L3xjZQ,001 Visualization Timeline Slide in PowerPoint English,Elite Presenters,This channel contents are subjected to Microsoft PowerPoint training videos.  Learn  and up-skill yourself to became master in¬†...,English; Microsoft PowerPoint; Training; Visualization,Training
mQqmJBjE9-s,6.1 [Tableau - 2021] Getting Started with Tableau Online | Tableau Training & Tutorials 2021,Analytics Box,Tableau 2021  Learn Tableau  2021 Full Playlist : https://www.youtube.com/playlist?list=PLhBXOOes909j-Zt1D-ph1Bf59VpYIK3Qi.,Tableau; Training; Youtube,Training
mun0bty-6_A,Tableau Training Course I Module - 1 Part A | Getting Started with Data Visualization | By RoundSqr,RoundSqr,MODULE - 1 PART A: GETTING STARTED WITH DATA VISUALIZATION About  Tableau  Training Course: This 9-module course is¬†...,Data Visualization; Tableau; Training; Visualization,Training
p6tG-dep8f4,TensorFlow for Computer Vision #4 - Convolutions From Scratch in Python | Better Data Science,Better Data Science,Do you know how convolutions work? They are essentially just a bunch of addition and multiplication operations. This video will¬†...,Computer Vision; Data Science; Multiplication; Python; Scratch; TensorFlow,Manufacturing/Operations
xc4gpToVKbI,MATLAB Coding Guidelines - part 1 | Learn MATLAB Programming | Become an Embedded Engineer | Uplatz,Uplatz,"Welcome to Uplatz! Uplatz is a leading organization providing Management Consulting, IT Training, Virtual employees, and¬†...",Coding; Information Technology (IT); MATLAB; Management Consulting; Programming; Training,Training
yVAYCj69-q8,Your A/B Tests are Pointless. Here's Why!,Refine Labs,Watch the Full Video: https://www.youtube.com/watch?v=m9Tq93lL6O8 Join us every Tuesday live to get your B2B marketing¬†...,B2B Marketing; Youtube,Marketing
yYpJoJygIz4,TensorFlow for Computer Vision #2 - Training an Image Classifier with ANNs | Better Data Science,Better Data Science,"Can you train an image classifier with Artificial Neural Networks and Dense layers only? You can, but you shouldn't. This video¬†...",Artificial Neural Network (ANN); Computer Vision; Data Science; Image; TensorFlow; Training,Training
yv6okH9Ig_M,MongoDB Tutorial for Beginners | MongoDB Step By Step | Learn MongoDB| MongoDB Training |Simplilearn,Simplilearn,This video on  MongoDB  tutorial will help you understand the concepts of one of the most popular NoSQL database ie.  MongoDB .,Database; MongoDB; NoSQL; Training,Training
zPahuPGASAg,Dashboard Reporting | Data Visualization and Dashborad Reporting Training Program,Professional Training Academy,Professional Training Academy in Association with Active Intelligence Visualization  Learning  Center launches our Job Oriented¬†...,Dashboard; Data Visualization; Professional Training; Reporting; Visualization,Training
6UJi_zhgkHo,Java Learning Path | How to learn Java Programming in 2020 | Java Training | Edureka,edureka!,#edureka #javaedureka #javaLearningPath # learnJava  #javaTutorial #JavaTraining¬†...,Java; Programming; Training,Training
7xguDDVCpFs,Content Marketing Tutorial - A/B Testing social media copy,LinkedIn Learning,Learn  the about the value of  A/B testing  copy for social media posts. Explore more Content Marketing courses and advance your¬†...,A/B Testing; Content Marketing; Social Media; TestNG,Marketing
OliJ9GUyB0U,Microsoft Excel Training - Part 6 (Data Validation),Professor Faddams,Microsoft Excel  Tutorial for Beginners - Full Course will make you understand  how to use Excel  for Business. Get training in¬†...,Microsoft Excel; Training,Training
WfeeV0V-7H8,Data Structure and Algorithm: Graph Theory and Operations,Charles Edeki - Math Computer Science Epidemiology,Learn  about graphs Become familiar with the basic terminology of  graph theory  Discover how to represent graphs in computer¬†...,Algorithm; Data Structure; Graph Theory,Manufacturing/Operations
ZAAuGEVJsH8,Analyzing Financial Statements in Python,NeuralNine,"In today's little finance tutorial, we will  learn  how to get data and analyze  financial statements  in Python. DISCLAIMER: As always¬†...",Finance; Financial Statement; Python,Accounting/Finance
j0zlxL5-F04,Talend ETL training session 1,Oracle PLSQL&Talend ETL,"Oracle PLSQL&Talend  ETL  @Talend we have started a Talend training session for the freshers, here is the session 1 video. very¬†...",Extract Transform Load (ETL); Oracle; Talend; Training,Training
sku76Qsi52s,üî•Tableau Course FREE 2022 | Tableau Training For Beginners | Learn Tableau | Simplilearn,Simplilearn,The 5-hour self-paced  learning  includes the following: Introduction to  Tableau Tableau  Statistics Arithmetic logical LOD¬†...,Arithmetic; Statistics; Tableau; Training,Training
034T-43deWM,What is Deep Learning? | Deep Learning Tutorial For Beginners | Edureka | Deep Learning Rewind - 2,edureka!,------------------------------------Edureka Online Training and Certification--------------------------------- DevOps Online Training:¬†...,Deep Learning; DevOps; Training,Training
Peivv-Jx0w8,Financial Statement Analysis part 2,Learn accounting,This video is part of Financial and Management Accounting (Code ACC466) taught in Uitm. This video covers  Financial Statement ¬†...,Brand Management; Financial Statement; Financial Statement Analysis; Management Accounting,Accounting/Finance
WFehFMaCmgo,MYOB Dashboard,MYOB,The  Dashboard  gives you an easy-to-understand visual summary of how your business is tracking. View your monthly sales and¬†...,Dashboard; Sales,Sales
rksQ4vL-ir4,Financial Statement Analysis part 1,Learn accounting,This video is part of Financial and Management Accounting (Code ACC466) taught in Uitm. This video covers  Financial Statement ¬†...,Brand Management; Financial Statement; Financial Statement Analysis; Management Accounting,Accounting/Finance
-aGhlzmhb1w,Excel Sales Performance Metrics Dashboard | Tutorial #1,Other Level‚Äôs,"To get our templates and datasets, visit our online store: www.other-levels.com If the PayPal payment method is not valid in your¬†...",Dashboard; Dataset; Microsoft Excel; Sales; Template,Sales
5fj0dSUy1wk,Talend ETL Training Session 2 File processing,Oracle PLSQL&Talend ETL,"Talend training session 2 File reading,File generation,File data processing.",Extract Transform Load (ETL); Processing; Talend; Training,Training
665rbpn8y_U,MATLAB Coding Guidelines - part 5 | Learn MATLAB Programming | Become an Embedded Engineer | Uplatz,Uplatz,"Welcome to Uplatz! Uplatz is a leading organization providing Management Consulting, IT Training, Virtual employees, and¬†...",Coding; Information Technology (IT); MATLAB; Management Consulting; Programming; Training,Training
AweZ7MnSB1Q,006 Visualization Timeline Slide in PowerPoint English,Elite Presenters,This channel contents are subjected to Microsoft PowerPoint training videos.  Learn  and up-skill yourself to became master in¬†...,English; Microsoft PowerPoint; Training; Visualization,Training
BWpYcJW6wFU,Webinar: Demystifying Machine Learning for Marketers,Seer Interactive,"You know that Analytics is an important part of modern marketing, but how do you put your data into action? In this webinar, we'll¬†...",Machine Learning; Marketing,Marketing
EhsnCgi5tfI,009 Visualization Timeline Slide in PowerPoint English,Elite Presenters,This channel contents are subjected to Microsoft PowerPoint training videos.  Learn  and up-skill yourself to became master in¬†...,English; Microsoft PowerPoint; Training; Visualization,Training
IlSfKhDFGcg,16 Infographics Visualization   Balloon Chart in English,Elite Presenters,This channel contents are subjected to Microsoft PowerPoint training videos.  Learn  and up-skill yourself to became master in¬†...,Chart; English; Infographics; Microsoft PowerPoint; Training; Visualization,Training
KBvAoTVBmP0,Chess Visualization | Training Ideas,My Chess Notebook,"We feel that our  visualization  skills suck for our rating. So, we plan to do something about it. Can one really improve one's¬†...",Rally; Training; Visualization,Training
L0tX8SLk4FA,Training on ‚ÄúData Analysis Using Gretl‚Äù Software by Dr Hamad Raza Zadi,CONNECTING ASIA TV,This workshop was conducted at ASIA International Conference 2021 (AIC-2021). Training on ‚ÄúData  Analysis  Using Gretl‚Äù¬†...,Data Analysis; Training,Training
LMGLT-Icxs4,Spring Boot tutorials | Spring Data JPA -  CRUD operations with MongoDB using spring-data,Shristi Tech Academy,"In this video, let us  learn  to integrate spring boot application with the  MongoDB  database using spring boot . We will  learn  to¬†...",Database; MongoDB; Spring Boot,Manufacturing/Operations
N8RUxBPBf6M,SELinux User and Role Security,The SkillPedia,SELinux User and Role Security Visit www.theskillpedia.com for Online Training on this technology.,Security; Training,Training
NeOpjWIBOAQ,"8 Key skills for building Tableau Bar Chart for Beginners, create attractive chart Tableau Desktop",Data Ops,"... tutorial,tableau training,tableau basics,tableau tutorial 2020,tableau software (venture funded company), learn tableau ,bar¬†...",Bar Chart; Tableau; Training,Training
OZ709g7yGDU,Database Management System Term 2 Information Technology Class 10 | IT 402 Term 2 Exam DBMS,Teachy Point,Please Like And Subscribe My Channel ! About the video : In this video we have explained  Database Management System  Term¬†...,Database Management System (DBMS); Information Technology (IT); SystemC,Information Technology
QxiUc1YasYQ,Talend ETL Training Session 3 on Joins using files,Oracle PLSQL&Talend ETL,Types of joins & implementation of joins in Talend.,Extract Transform Load (ETL); Talend; Training,Training
U6KrGo0dT3k,Fundamentals of Open Source IT and Cloud Computing Training from The Linux Foundation,The Linux Foundation,The intent of this course is to take you on a journey from little or no knowledge of IT topics to the knowledge needed to¬†...,Cloud Computing; Information Technology (IT); Linux; Training,Training
VL2KNkvICDI,MATLAB Coding Guidelines - part 6 | Learn MATLAB Programming | Become an Embedded Engineer | Uplatz,Uplatz,"Welcome to Uplatz! Uplatz is a leading organization providing Management Consulting, IT Training, Virtual employees, and¬†...",Coding; Information Technology (IT); MATLAB; Management Consulting; Programming; Training,Training
VZ6GTXI3g_8,A/B testing FRAMEN Ads | FRAMEN Academy,FRAMEN,Hi there! In this video let's talk about how  A/B test  your content with FRAMEN! FRAMEN is the all new digital marketing channel in¬†...,A/B Testing; Digital Marketing; Marketing Channel; TestNG,Marketing
Wp8J3XAkk2o,Project Dashboard | Design to Inspire | Power BI Report Tutorial,Ariel Lomoctos,"Power BI Report | Design to Inspire | Project Management  Dashboard  In this video, I'm giving a full tutorial on how to build a report¬†...",Business Intelligence (BI); Dashboard; Design; Microsoft Power BI; Project Management,Project/Program Management
Wr9D_gAMOjM,C# to mongoDB : CRUD operations,codepickles,In this video we introduce  MongoDB  and we make a demonstration to connect C# to a  MongoDB  database.  MongoDB  is the¬†...,C#; Database; MongoDB,Manufacturing/Operations
XpgUkTMKwAA,Expert Marketing Advice: Always Split Test,Manuel Suarez,"Split testing . So, as I always say, ""Always be  split testing !"" There is no better way to get a deeper understanding of your audience¬†...",Marketing; TestNG; Testing,Marketing
Z_UmqumjtXI,Tutorial: Financial Statement Analysis  (part 1 of 7),Farhat's Accounting Lectures,"IN this session, we discuss  financial statement  analysis. Are you a CPA candidate or accounting student? Check my website for¬†...",Accounting; Financial Statement; Financial Statement Analysis,Accounting/Finance
_1c0nr1s_bg,20 Infographics Visualization  Half Radial Chart in English,Elite Presenters,This channel contents are subjected to Microsoft PowerPoint training videos.  Learn  and up-skill yourself to became master in¬†...,Chart; English; Infographics; Microsoft PowerPoint; Training; Visualization,Training
_aValJPbk9M,Cloud Architect Training | Cloud Architect Certification Is Not Enough To Get Hired,Go Cloud Architects,Focusing on the right cloud architect required skills is important for your  cloud computing  job training to get cloud hired.,Cloud Architecture; Cloud Computing; Training,Training
cl0UrjiaMgA,005 Visualization Timeline Slide Content English,Elite Presenters,This channel contents are subjected to Microsoft PowerPoint training videos.  Learn  and up-skill yourself to became master in¬†...,English; Microsoft PowerPoint; Training; Visualization,Training
faku_-2nSic,Learn C++ - Math Operations,The Amateur Programmer,"Beginner friendly  C++  tutorial! In this video, we'll go over the main math operations used in programming. You'll  learn  to add,¬†...",C++; Golang; Programming,Manufacturing/Operations
ivBXkH0PlWA,MATLAB Coding Guidelines - part 3 | Learn MATLAB Programming | Become an Embedded Engineer | Uplatz,Uplatz,"Welcome to Uplatz! Uplatz is a leading organization providing Management Consulting, IT Training, Virtual employees, and¬†...",Coding; Information Technology (IT); MATLAB; Management Consulting; Programming; Training,Training
kPX_QC-gb-s,MATLAB Coding Guidelines - part 4 | Learn MATLAB Programming | Become an Embedded Engineer | Uplatz,Uplatz,"Welcome to Uplatz! Uplatz is a leading organization providing Management Consulting, IT Training, Virtual employees, and¬†...",Coding; Information Technology (IT); MATLAB; Management Consulting; Programming; Training,Training
l41JODN5tkE,What Is Power BI ? || Microsoft Power BI in Just 07 Minutes || Power BI Training,Excel Mantra with D.D,I will teach you very highly techniques in excel which will save your time while doing work in excel And teach you automation in¬†...,Automation; Business Intelligence (BI); Microsoft Excel; Microsoft Power BI; Training,Training
qd29QukZSro,"Relational DBs, Oracle, and SQL  What is Structured Query Language SQL    Oracle Database SQL Certif",African Digital University,"Oracle Database  SQL  Certified Associate (1Z0-071) Bookmark course In this entry-level Oracle Database Associate training, Ben¬†...",Database; Oracle Databases; Sentry; Structured Query Language (SQL); Training; jQuery,Training
rEL89bkJgFk,008 Visualization Timeline Slide in PowerPoint English,Elite Presenters,This channel contents are subjected to Microsoft PowerPoint training videos.  Learn  and up-skill yourself to became master in¬†...,English; Microsoft PowerPoint; Training; Visualization,Training
rd_U2B_KuKA,Scale Data for Machine Learning,APMonitor.com,Scaling (inputs and outputs) can improve the training process for machine  learning . A common scaling technique is to divide by¬†...,Machine Learning; Training,Training
s0-7AKEscB4,Talend ETL Training Session 5 Database operations,Oracle PLSQL&Talend ETL,Database connection data  extraction  from database data  loading  in database data manipulation in database and etc tPreJob¬†...,Data Manipulation; Database; Extract Transform Load (ETL); Operational Databases; Talend; Training,Manufacturing/Operations; Training
sLLD4Iuz3Yc,Professional Accounting Tutorial | What is Financial Statements (part 03),TalentCare21,Professional Accounting Tutorial | What is  Financial Statements  (part 03) Are you interested to  learn  about  Financial Statements ?,Accounting; Financial Statement,Accounting/Finance
v6_K1DUwc50,Programming Essentials Python - Database Operations - Overview of SQL,itversity,SQL  stands for  Structured Query Language  and it is broadly categorized into following- DDL - Data Definition Language 1.,Data Definition Language (DDL); Database; Programming; Python; Structured Query Language (SQL); jQuery,Manufacturing/Operations
wM0MG7JyuB8,"What's new in B2B Saas Email Marketing | Actionable strategies, AB tests, CTAs you shouldn't miss",All About B2B Marketing,... 12:12 Best email marketing strategies 15:37 Which team handles email communications 16:43 Best email  A/B tests  19:57 Email¬†...,Communication; Email Marketing,Marketing; Corporate Affairs/Communications
xL8Cd9bVQnk,YOLOv5: Learn the Simplest Object Detection library. Get Automatic Training Progress Visualizations!,Ayush Chaurasia,Chapters: 0:00 Overview 0:45 Intro to YOLOv5 2:25 Setup 4:10 Training your first model! 5:35 Track your training progress on¬†...,Object Detection; Training; Visualization,Training
6xPkKqRXfpg,Basics of Accounting - Learn the FUNDAMENTAL PRINCPLES of Financial Accounting!,Wisdify,"Be sure to check out Wisdify.com for the best accounting,  finance , and data analytics training on the internet. All courses qualify for¬†...",Data Analytics; Finance; Financial Accounting; Internet; Training,Training; Accounting/Finance
9sAuWvO2Olk,How to Perform Arithmetic operations on Matrices | Learn R Language | Learn R Language Fundamentals,Corio Wood,"Learn R  Language, how to perform arithmetic operations on R Matrices.",Arithmetic; Language Learning; R,Manufacturing/Operations
zLgCTJp-E18,Be Future Ready | Day 4 | Cloud Computing Full Course | Cloud Fundamentals | Simplilearn,Simplilearn,#GoogleCloudPlatformTutorial #GoogleCloudPlatoformFullCourse #GoogleCloudTraining¬†...,Cloud Computing,Training
7VHaE8mqSHY,Java Learning Path  | How to learn Java Programming in 2020 | Java Training | Edureka Rewind - 3,edureka!,"Edureka  Java , J2EE & SOA Certification Training - https://www.edureka.co/ java -j2ee-training-course This Edureka video on  Java ¬†...",Java; Programming; Training,Training
-UBfPsUYoS4,Pymongo: Learn how to integrate mongoDB with Python - Complete CRUD operations tutorial,Rafael Queiroz Gon√ßalves,English subtitles are available! You can enable that using video controls. The subtitle has been careful reviewed to provide you a¬†...,English; MongoDB; Python,Manufacturing/Operations
1-1nBKHpAhI,Learn any programming language for free with this amazing site,Python Programmer,"(These contain affiliate links, which means I receive a percentage of any sales made. There is no additional cost for anybody¬†...",Links; Programming Language Theory; Sales,Sales
2F4n9R2IZPE,Data Basics: Cleaning Data with Python and R (Session 7),Salt City Data Community,Recording of virtual session from our  Data  Basics training arc where we focus on  cleaning data  in python and R. Presented by¬†...,Python; R; Training,Training
5WysxAYDH1k,AWS Summit ANZ 2021 - A/B testing machine learning models with Amazon SageMaker MLOps,AWS Events,Machine  learning  operations (MLOps) enable developers and scientists to improve their models for various reasons such as¬†...,A/B Testing; Amazon Web Service (AWS); MLOps; Machine Learning; TestNG,Manufacturing/Operations
9CjR6doB70A,New Advanced EXCEL DASHBOARD (part-1) Create Better Sales Performance Dashboard in EXCEL,Data with Decision,"Follow up on this video to get more Advanced in Excel  Dashboard  creation from the scratch. In this video, we used both Power¬†...",Creatio; Dashboard; Microsoft Excel; Sales; Scratch,Sales
AFY3z4FwRg0,SQL Querying for Beginners Tutorial,Learnit Training,SQL  Querying for Beginners Tutorial Join Learnit Anytime for ad-free training and certificates: https://www.learnitanytime.com¬†...,Structured Query Language (SQL); Training,Training
C0XhJTtVS4c,Salesforce Dashboards,Salesforce Atlas,salesforce #salesforceadmin # dashboards  Watch this episode to  learn  about Salesforce  dashboards . Topics covered:¬†...,Dashboard; Salesforce,Sales
EFoOvzUfOow,"Complete Roadmap to Machine Learning, Supervised Learning, Unsupervised Learning Algorithms",Python Code Buddy,What is  Machine Learning  ? Factors and Target Training and prediction What is  Supervised  Learning ? Regression and¬†...,Algorithm; Machine Learning; Regression; Supervised Learning; Training; Unsupervised Learning,Training
G062IH8-rxI,Git and GitHub Essentials Course Launch,Norbert BM Web Development,"Hi, I am extremely happy to announce that my brand new course "" Essential Git &  GitHub  - Project Management & Version control¬†...",Git; Github; Project Management; Version Control,Project/Program Management
KJaAf6Vr2Fs,Microsoft POWER BI Training Program 2022 - Live Online Classes | Business Intelligence | Analytics,Excel Basement,Email: excelbasement@gmail.com WhatsApp: +923323339235  Microsoft POWER BI Training  Program 2022 - Live Online¬†...,Business Intelligence (BI); Email; Microsoft Power BI; Training,Training
LokzUBlWT-4,What is Nosql ?-Real time Training,Amjat's Tech Talk,what is  Nosql  and why it is needed.,NoSQL; Training,Training
MrAsB4Ub0Jw,AH-64 Apache Pilots Learn to Fly,Boeing,"AH-64 # Apache  pilots use our Longbow Crew Trainers to review flight operations, instruments and weapons delivery. The training¬†...",Apache; Training,Manufacturing/Operations; Training
NFvxRYOZaQI,"I‚Äôve run 8,304 growth marketing experiments. Here‚Äôs what I learned // How to run growth experiments",Elena Bezborodova,Want a personalized consultation on your marketing career? Drop me an email: len.bezborodova@gmail.com Book a¬†...,Email; Marketing,Marketing
O-oQNL9gcFg,#1 How to pass Exam DP-100 Azure Data Scientist Associate in 19 hours | Part 01 Machine Learning,E Learning Free Channel,Azure #Training # Learning  #Free #1 How to pass Exam DP-100 Microsoft Azure  Data  Scientist Associate in 19 hours | Part 01¬†...,Machine Learning; Microsoft Azure; Training,Training
S6oue3MzXag,Dashboard UNLOCKED -  learn about the features of this website,Marketing Broker Australia,"In this video, Luke provides step by step instructions on how to join the Marketing Broker Australia directory website AND create a¬†...",Dashboard; Marketing,Marketing
TY2WIf2aEFg,New Advanced EXCEL DASHBOARD (part-2) Create Better Sales Performance Dashboard in EXCEL,Data with Decision,"Follow up on this video to get more Advanced in Excel  Dashboard  creation from the scratch. In this video, we used both Power¬†...",Creatio; Dashboard; Microsoft Excel; Sales; Scratch,Sales
WURcwXrl7Vg,Split Test Monkey Demo Video #1,Matt Garrett,"Stop Wasting Traffic, Stop Losing Subscribers, Stop Losing Sales, Start Testing Today... Use SplitTestMonkey.com and  Split Test ¬†...",Closing; Sales; TestNG; Testing,Sales
XU1S5bxmGY0,Talend ETL Tool Tutorial For Beginners & Advanced| Real Time Online Training| Venkat| +91-9538160185,Talend By Venkat,"Hi All, I am providing Talend Data Integration  ETL  Tool Real Time Online Training Classes . If any one interested to  learn  ,please¬†...",Extract Transform Load (ETL); Talend; Training,Training
_84S4AUAVRs,#16 - Classification of Machine Learning |  | Machine Learning Tutorial | Machine Training |Skillari,Skillari Machine Learning and AI,"At Skillari, We believe that  Learning  is not Limited to Only Certificates this is the reason why we have released all of the courses¬†...",Classification; Machine Learning; Training,Training
bDlnrf9Er5E,[QUANTS@DEV] Reinforcement Learning in Finance 01,Yves Hilpisch,The first quants@dev Webinar about  Reinforcement Learning  in Finance. Join the Discord server via¬†...,Finance; Reinforcement Learning,Accounting/Finance
bTuEfPgq7Fw,Time Series | Advanced Data Analytics using Python and Python Automation | ZaranTech,ZaranTech,In this video you will  learn Time Series  as a part of Advanced Data Analytics using Python and Python Automation training. For¬†...,Automation; Data Analytics; Python; Time Series; Training,Training
fP39FMQr_lU,LSTM network in MATLAB | Deep Learning | MATLAB Helper,MATLAB Helper ¬Æ,00:00 Introduction 00:38 About LSTM network 01:00 Loading of data 01:15 Time series analysis 03:48 Training of network #Deep¬†...,Deep Learning; Long Short-Term Memory (LSTM); MATLAB; Network; Time Series Analysis; Training,Training
hrInQodiu7g,Big Data Hadoop Training For Beginners - Day1,Ragunathan Ramanujam - Data Analytics For Everyone,This Chapter Includes Data warehouse Design & Limitations with the real time Data and How  Hadoop  is evolved to process large¬†...,Apache Hadoop; Big Data; Data Warehouse; Design; Training,Training
jPfoVf_OGMc,Financial Statement Flows (Understand Linkages between Financial Statements) - A Must Watch Tutorial,IEFT Online,Do you understand Accounting? Do you understand key  financial statement  flows? Do you want to  learn  how transactions¬†...,Accounting; Financial Statement,Accounting/Finance
k1U9EgKYjsI,Designing a Query in MongoDB,Prof. Keehyung Kim,"This lecture is part of the course ""Database and Big Data Management"", covering how to design a query (i.e., read operations via¬†...",Big Data; Data Management; Database; Design; MongoDB; jQuery,Manufacturing/Operations
lEGxEVR2Jgg,Artificial Intelligence Career Roadmap in 2022 | Learn AI | Artificial Intelligence Careers,Intellipaat,#ArtificialIntelligenceCareerRoadmapIn2022 #LearnAI #ArtificialIntelligenceCareers #AITutorial #AITraining¬†...,Artificial Intelligence (AI),Training
m1a_FUK_NRo,Plain Talk about Financial Statements,SBCTV at A-B TECH,"No matter how big or small your business is, whether you do your own bookkeeping or you have an entire accounting team, there¬†...",Accounting; Bookkeeping; Financial Statement,Accounting/Finance
owfgjhzhpoY,"You Ask, I Answer: Marketing Data Preparation Pain Points?",Christopher Penn,"Naomi asks, ""What is the biggest pain point for you in marketing  data preparation ?"" Subscribe to my weekly #email newsletter:¬†...",Data Preparation; Email; Marketing; Newsletters,Marketing
prHNchaoj3g,Tableau Full Course | Tableau For Beginners | Tableau Training Videos | Intellipaat,Intellipaat,Lifetime free Course Upgrade ------------------------------ Who should watch this Tableau tutorial? If you want to  learn Tableau  to¬†...,Tableau; Training,Training
q1sc1uqhCl4,Finance simplified    Financial Statements,Corporate Chakravyuh,This Video is a refresher on  Financial statements  as part of Finance Simplified series and will be a useful reference for all Finance¬†...,Finance; Financial Statement,Accounting/Finance
u3TfIXFosMo,How to audit financial statements | FloQast,FloQast,0:00 Introduction 0:20 What are Audited  Financial Statements ? 1:44 Top  Financial statements  to audit 2:25 How do auditors verify¬†...,Audit; Financial Statement,Audit and Financial/Business Controls
wTXem0vg0Ak,Learn SQL the right way - Session 2 | Trendytech,Trendytech Insights,Learn SQL  the right way MySQL is the world's most popular open source database. TABLE OF CONTENT 1:20 CRUD Operations¬†...,Database; MySQL; Structured Query Language (SQL); Table,Manufacturing/Operations
w_3mQmmoaOk,Power BI With ADF Online Training From Beginner to Pro Recorded Demo Session By Visualpath,Visualpath,"In this step-by-step  tutorial  video,  learn  how to get started using  Microsoft Power BI .  Power BI  allows you to get insight from your¬†...",Business Intelligence (BI); Microsoft Power BI; Training,Training
xyPq9bsMHoQ,Data Preparation for training and testing Deep Learning models - Approach 1,Prabhjot Gosal,"In this video, we  learn  how to  prepare data  for feeding into machine  learning  or deep  learning  models for training/testing.",Data Preparation; Deep Learning; Machine Learning; TestNG; Testing; Training,Training
0U34NGzb1F4,A/b Testing Tutorial for Amazon - What is Ab Testing?,Twinkle G.,Curious what is  ab testing  on amazon and how you can increase your sales as a result? Watch now for an increase in sales and¬†...,A/B Testing; QA Testing; Sales; TestNG,Sales
23rClDroHm0,Signal Processing with MATLAB Online Course Overview,MATLAB,"Learn  about Signal Processing with  MATLAB , a self-paced online course providing comprehensive hands-on training in¬†...",MATLAB; Signal Processing; Training,Training
AwdUj5TJ3SM,Learn how to A/B test your way to more conversions,Zoho PageSense,"Your website is the face of your business and should be constantly evolving, just like your marketing strategy. An effective website¬†...",Marketing,Marketing
IxRlNH2CXa4,Why you Shouldn't Learn JavaScript in 2022,Stefan Mischook,************* Join our Discord: https://discord.gg/qMJfVG5VhB WEB HOST PAYS FOR YOUR WEB DESIGN TRAINING IN 2021:a¬†...,JavaScript; Training; Web Design,Training
JGU2QdNCs2w,Tableau Training with Andy Kriebel,Andy Kriebel,Check out this recent free  Tableau  training that we ran as part of our roll out of Data School New York. This fundamentals training¬†...,Tableau; Training,Training
KGgoSHNLZqo,"#DevOps_training - Version Control System - Learn Git, GitHub",CloudTechy,"devops #git #git_hub #version_control_system #DevOps_training - Version Control System -  Learn  Git,  GitHub  This video¬†...",DevOps; Git; Github; SystemC; Version Control System,Training
W7Jd7IfzNJI,Tableau Training with Ann Jackson,Andy Kriebel,Free  Tableau  training from Data School New York Head Coach and  Tableau  Zen Master Ann Jackson. Ann is an incredible¬†...,Tableau; Training,Training
hS8-ihtp15I,Hadoop Training | Hadoop Online Certification Course | What Is Hadoop? - MindMajix,MindMajix,This MindMajix video on  Hadoop  Online Training for both freshers and experienced will help you to gain in-depth knowledge of all¬†...,Apache Hadoop; Training,Training
lhZqgAj6RTM,"Facebook Remarketing Campaign Creation, AB Testing ( Evening Batch TTS ) 01/02/2022",Institute Of Digital Studies,"Start by setting up an ad to  test  against the one you selected You can make a copy of your ad ond edt, or you can pick a¬†...",A/B Testing; Creatio; Facebook; Marketing; QA Testing; TestNG,Marketing
uXcSplWip04,Graph Operations - Graph Theory - GATE Discrete Mathematics,Ekeeda GATE & ESE,Subject - GATE Discrete Mathematics Video Name - Graph Operations Chapter -  Graph Theory  Faculty - Prof. Krishan Dev Watch¬†...,Discrete Mathematics; Graph Theory,Manufacturing/Operations
4aavLwgjC48,Is it Late to Learn Cloud Computing? Find out,BestDotNetTraining,#deccansoft #bestdotnettraining #Sandeepsoni Connect with me Call Sandeep Soni for Career Guidance ‚ñª +91 98490¬†...,Cloud Computing,Training
7nY5PB32qQ8,Data Preparation | Data Science Master Training | ZaranTech,ZaranTech,"In this video, you will  learn  about  Data Preparation  as a part of Data Science Master Training. Python in Data Science. For¬†...",Data Preparation; Data Science; Python; Training,Training
9S1x-liJRDk,Tableau Training for Beginners 2022 | Tableau Tutorial | Tableau Full Course 2022 Part 1,Pavan Lalwani,"The best part of this tableau full course is, you can  learn tableau  without coding and you can learn the complete tableau course¬†...",Coding; Tableau; Training,Training
BGNiyRqoMC8,What Is Hadoop  | Hadoop Tutorial For Beginners |  Hadoop | Hadoop Training | Edureka  Rewind - 4,edureka!,--------------------Edureka  Big Data  Training and Certifications------------------------ Edureka  Hadoop  Training: http://bit.ly/2YBlw29¬†...,Apache Hadoop; Big Data; Training,Training
JzcdXc3GdUo,Linear regression | Data Science Master Training | ZaranTech,ZaranTech,"In this video, you will learn about  Linear Regression  as a part of Data Science Master Training.  Linear Regression  in Data¬†...",Data Science; Linear Regression; Nonlinear Regression; Regression; Training,Training
g0fLasuW7tg,ETL Informatica Training,Intuites LLC,,Extract Transform Load (ETL); Informatics; Training,Training
LBgBjA6t2iM,ETL Informatica Training,Intuites LLC,,Extract Transform Load (ETL); Informatics; Training,Training
NbCM6Lb3OeU,Mobera Mobile Marketing Show - AB Testing & Performance Optimization,Mobera Academy - Learn Mobile App Marketing,"This week on Mobera Mobile Marketing Show, we speak with Tarek Lel. Tarek is a data analyst at Farfetch with more than 7 years¬†...",A/B Testing; Mobile Marketing; Optimization; QA Testing; TestNG,Marketing
TWn_PkQF8pU,ETL TESTING REAL TIME -15|| For Beginners|| #ETLTESTING,Kiran Reddy,"ETL  TESTING REAL-TIME Training for beginners from basics. All  ETL /DWH concepts covered, beginners to advanced level.",Extract Transform Load (ETL); TestNG; Testing; Training,Training
TqGwTwYWSIQ,ETL Informatica Training,Intuites LLC,,Extract Transform Load (ETL); Informatics; Training,Training
V-lgTC_6CrU,UK Enterprise Sales at MongoDB,MongoDB,Our UK Enterprise Sales team is growing! Meet members of the team to  learn  more about why  MongoDB  is a great place to¬†...,MongoDB; Sales,Sales
VydvBybNi5M,Financial  Accounting - Financial  Statement  Of a  Sole Proprietorship -  Shs 1,Joy Learning Tv,Financial Accounting -  Financial Statement  Of a Sole Proprietorship - Shs 1 #joylearning #shs hour #sole proprietorship #financial¬†...,Financial Accounting; Financial Statement,Accounting/Finance
WSL49jp9At4,"AI/Machine Learning: Regulation, Development, and Real-World Performance Evaluation",Duke Margolis,This webinar spotlights the updates and progress since the January 2021 release of U.S. Food and Drug Administration's Center¬†...,Administration; Artificial Intelligence (AI); Machine Learning,General Management and Administration
WrG0FAIfI7o,Excel Balance Sheet Example Financial Statement - Accounting ERP Financial Reporting,FutureView Systems,"In this tutorial, we utilize data from an Accounting ERP System, like Quickbooks Online and Netsuite, to create an example¬†...",Accounting; Balance Sheet; Enterprise Resource Planning (ERP); Financial Statement; Microsoft Excel; Quickbooks; Reporting; SystemC,Accounting/Finance
XklBb3cryvI,Big Data Hadoop And Spark Developer | Big Data Hadoop | Hadoop Tutorial,Sprintzeal,Welcome to Sprintzeal's  Big Data Hadoop  and Spark Developer training sessions. CH-1 Vid-09 For details on  Big Data Hadoop ¬†...,Apache Hadoop; Apache Spark; Big Data; Training,Training
YfSFGYiQ4kA,D365 F&O: Financial Reporting,Mane Services,https://docs.microsoft.com/en-us/dynamics365/finance/general-ledger/ financial - reporting -getting-started.,Finance; Microsoft; Reporting,Accounting/Finance
Z_BJs9jyvuc,How to setup A/B Testing in Facebook Ads | AB Test in Facebook Ads | FB Ads Course | #85,Umar Tazkeer ,"Note: This channel is for ""EVERYONE"" who wants to  learn  ""Complete Digital Marketing""¬†...",A/B Testing; Digital Marketing; Facebook Ads; TestNG,Marketing
Zb7ogVfxKU8,ETL TESTING REAL TIME -6|| For Beginners|| #ETLTESTING,Kiran Reddy,"ETL  TESTING REAL-TIME Training for beginners from basics. All  ETL /DWH concepts covered, beginners to advanced level.",Extract Transform Load (ETL); TestNG; Testing; Training,Training
ZhsZeO9PBVk,Logistic Regression | Data Science Master Training | ZaranTech,ZaranTech,"In this video, you will  learn  about Logistic  Regression  as a part of Data Science Master Training. Logistic  Regression  in Data¬†...",Data Science; Logistic Regression; Logistics; Regression; Training,Training
a5ZiiKUQBa4,Financial Accounting- Preparation of Financial Statements,The Accounting Coach,Financial statements  Statement of financial position Statement of Comprehensive  Income Statement  of changes in equity¬†...,Equity; Financial Accounting; Financial Statement; Income Statement,Accounting/Finance
aRaZtD6VzeU,A/B testing and other tips for improving your email marketing,BD Roundtable,We covered how A/B  split testing  can lead to more engaging content and other easy methods you can use in your next campaign.,A/B Testing; Email Marketing; TestNG,Marketing
akuL9dlby1s,Learn How To Create a Dashboard That Shows Marketing‚Äôs Value,VisionEdge Marketing,What's your next step? Find out if your performance measurement  dashboard  measures up:¬†...,Dashboard; Marketing,Marketing
b_HldPQdKMo,Spark Full Live Training Session,My Schooling,"Hello Friends, In this video you will  learn  about  Spark . This video contains full training about  Spark  concept. ‚Ä¢ What is  Spark ?",Apache Spark; Training,Training
ck7AfaZbE8o,ETL Informatica Training,Intuites LLC,This is a very good website if you want uh to  learn  oracle okay java point so go through all this stuff like anyways i will tell you¬†...,Extract Transform Load (ETL); Golang; Informatics; Java; Oracle; Training,Training
eHSJA_lej4c,"Hands-on time series analysis, open source, R, MLOps, Rami Krispin - The Data Scientist Show #029",The Data Scientist Show - Daliana Liu,Rami leads the data science and engineering team at Apple Finance Decision Support. He is also an open-source contributor and¬†...,Data Science; Engineering; Finance; MLOps; R; Time Series Analysis,Accounting/Finance
ehS-kvhn9WM,Manufacturing Financial Statements,Accounting Courses by Dr. John Daniel McLellan,This lecture is on the  financial statements  of a manufacturer.,Financial Statement; Manufacturing,Manufacturing/Operations
fjmiZpQ5yAA,Learn how to create a mic-drop presentation,Wade Randolph,Interview With D & D Training and Coaching Solutions. The World renowned speaker Les Brown call them some of the best¬†...,Coaching; Presentation; Training,Training
hCYhGbMaNzU,Learn Microsoft Excel Expert - 3 days online | Excel tutorial  Koenig Solutions,Koenig Solutions,Microsoft  # Excel  Do you prefer Live Online Training but don't have Time or Money for it? Do you want to start Immediately?,Microsoft Excel; Training,Training
jLejJrNPF5A,Cloudera Hadoop Administration Introduction,cfamilycomputers,Cloudera  Hadoop  Administration Introduction By Akkem Sreenivasulu ‚Äì Founder of CFAMILY IT Solutions eMail:¬†...,Administration; Apache Hadoop; Cloudera; Email; Information Technology (IT),General Management and Administration
kE5lt2DAuPA,AI Everyday Session 3: Introduction to Machine Learning with Linear Regression [2022],DSN- Data Scientists Network(Data Science Nigeria),AI  Everyday is a FREE training by Data Scientists Network teaching Introduction to  Artificial Intelligence  and  Machine Learning  for¬†...,Artificial Intelligence (AI); Linear Regression; Machine Learning; Network; Nonlinear Regression; Regression; Training,Training
kSJQA3PI4uo,Excel Dashboards in Under 15 Minutes! Awesome Secret Tips & Tricks,Excel Basement,Excel  Dashboards  in Under 15 Minutes! Awesome Tips & Tricks #Excel # Dashboard  #Microsoft365 How to build Interactive Sales¬†...,Dashboard; Microsoft Excel; Sales,Sales
lbjAtCw9jeY,ETL Informatica Training,Intuites LLC,,Extract Transform Load (ETL); Informatics; Training,Training
lwLwltIc8Ws,Linear regression: free chapter from the course 'Building a neural network from scratch with Python',pythonforeveryone,This chapter shows a  linear regression  network in a few lines of code. It shows how training data is able to resolve a regression¬†...,Linear Regression; Neural Network; Nonlinear Regression; Python; Regression; Scratch; Training,Training
pCEGt8Q9SAw,ETL Informatica Training,Intuites LLC,You try if you are not successful then uh maybe like on a saturday class i'll uh i'll just try to  install  and all from your system yes¬†...,Extract Transform Load (ETL); Informatics; SystemC; Training,Training
ppXmTUont_g,Tableau - Master the Data Visualization tool! | IST Practicals S3 E3,Internshala,Internshala Trainings presents #ISTpracticals. It is a series of FREE online masterclasses delivered by industry experts! This 45¬†...,Amazon S3; Data Visualization; Tableau; Training; Visualization,Training
q5nxFcvrnqw,Who doesn't like FREE Power BI training??? (2022),Guy in a Cube,There are a lot of free  Power BI training  options out there for business analysts and there is now  training  beyond that for your¬†...,Business Analysis; Business Intelligence (BI); Microsoft Power BI; Training,Training
uTuiEk1wo-U,Joe learn presentation..,JOE LEARN Philippines,"note,paalala sa lahat Ang video turturial na ito .para ito sa gusto kumita Ng extra income sa legal na pamamaraan .. do not allow¬†...",Presentation,Legal
vf3Q8So17Qc,Country Specific COA and Financial Statement Version | SAP S/4HANA Finance Training | ZaranTech,ZaranTech,In this video you will  learn  about Country Specific COA and  Financial Statement  Version as a part of SAP S/4HANA Finance¬†...,Finance; Financial Statement; SAP; Training,Training; Accounting/Finance
xpj_p81Wjk8,How to Do A/B Testing in Affiliate Marketing,Travelpayouts,A/B testing  is the way to go. This video covers the ins and outs of  A/B testing  in affiliate marketing and explains how this technique¬†...,A/B Testing; Affliate Marketing; Golang; TestNG,Marketing
ykkQ2ruSI5Y,ETL TESTING REAL TIME -5|| For Beginners|| #ETLTESTING,Kiran Reddy,"ETL  TESTING REAL-TIME Training for beginners from basics. All  ETL /DWH concepts covered, beginners to advanced level.",Extract Transform Load (ETL); TestNG; Testing; Training,Training
