id,title,url,published_date,updated_date,content,author
10183835959684607262,IT Leaders Adjust Hiring Strategies With Tech Talent Even More in Demand - WSJ,https://www.google.com/url?rct=j&sa=t&url=https://www.wsj.com/articles/it-leaders-adjust-hiring-strategies-with-tech-talent-even-more-in-demand-11631218276&ct=ga&cd=CAIyGjU0ZTFhNmJhZmJlZjk4NTU6Y29tOmVuOlVT&usg=AFQjCNHZlHlYEz5zuws-lxJV436-7d1wXQ,2021-09-09 20:12:59+00:00,2021-09-09 20:12:59+00:00,"<b>Data science</b> jobs are difficult roles to fill, he said. The company offers competitive pay and the option of a mix of in-person and remote work to&nbsp;...",
10920338801564153710,Assessment Industry Leader Holds Summit on <b>Artificial Intelligence</b> - EIN News,https://www.google.com/url?rct=j&sa=t&url=https://www.einnews.com/pr_news/550966900/assessment-industry-leader-holds-summit-on-artificial-intelligence&ct=ga&cd=CAIyGmEzNzYzZjBiNGFhYjU5N2U6Y29tOmVuOlVT&usg=AFQjCNG0A2e0UtJ66U9EgXt8F3I-hkipWg,2021-09-09 16:58:06+00:00,2021-09-09 16:58:06+00:00,"Global ATP Chair John Kleeman, Founder of Questionmark, in emphasizing the importance of this year&#39;s virtual Security Summit focusing on <b>Artificial</b>&nbsp;...",
11214010975535366483,Ethical <b>Artificial Intelligence</b> is Focus of New Robotics Program - UT News,https://www.google.com/url?rct=j&sa=t&url=https://news.utexas.edu/2021/09/09/ethical-artificial-intelligence-is-focus-of-new-robotics-program/&ct=ga&cd=CAIyGmEzNzYzZjBiNGFhYjU5N2U6Y29tOmVuOlVT&usg=AFQjCNF-jIfAoDe8-XoiCvjSlF8-Lat1xA,2021-09-09 18:11:15+00:00,2021-09-09 18:11:15+00:00,Ethical <b>Artificial Intelligence</b> is Focus of New Robotics Program. Two color orange horizontal divider. clone tag: -1628373369639100918.,
1127802956531070073,"Global Artificial Intelligence Market (2021 to 2027) - by Offering, Technology, Deployment ...",https://www.google.com/url?rct=j&sa=t&url=https://www.businesswire.com/news/home/20210909005899/en/Global-Artificial-Intelligence-Market-2021-to-2027---by-Offering-Technology-Deployment-Mode-Business-Function-Vertical-and-Region---ResearchAndMarkets.com&ct=ga&cd=CAIyGjAyMzRlYWNiZGI4ZTE1NmI6Y29tOmVuOlVT&usg=AFQjCNEkcFrdTfsEm_k3H0FtF6Upst51yw,2021-09-09 16:52:30+00:00,2021-09-09 16:52:30+00:00,"“Artificial Intelligence Market, By Offering (Hardware, Software), Technology (<b>Machine Learning</b>, Natural Language Processing), Deployment Mode&nbsp;...",
11409262356049543199,Featurespace&#39;s ARIC Risk Hub™ v3.19 delivers enhanced real-time defense against Fraud ...,https://www.google.com/url?rct=j&sa=t&url=https://www.businesswire.com/news/home/20210909005952/en/Featurespace%25E2%2580%2599s-ARIC-Risk-Hub%25E2%2584%25A2-v3.19-delivers-enhanced-real-time-defense-against-Fraud-and-Money-Laundering&ct=ga&cd=CAIyGjAyMzRlYWNiZGI4ZTE1NmI6Y29tOmVuOlVT&usg=AFQjCNGyBpYXfCkjct_QCyxsuUozsRV_nA,2021-09-09 17:37:30+00:00,2021-09-09 17:37:30+00:00,"“Our <b>machine learning</b> models are proven to be the best in the world, and we continually invest in new technologies to analyze the entire payment&nbsp;...",
11682277820837417440,Columbia to Launch $25 Million AI-based Climate Modeling Center,https://www.google.com/url?rct=j&sa=t&url=https://news.columbia.edu/news/columbia-ai-based-climate-modeling-center&ct=ga&cd=CAIyGjAyMzRlYWNiZGI4ZTE1NmI6Y29tOmVuOlVT&usg=AFQjCNEzUj7Sz1GUs9AHg9ertXYa6Mr03w,2021-09-09 17:03:45+00:00,2021-09-09 17:03:45+00:00,"Funded by the National Science Foundation, the center will leverage big data and <b>machine learning</b> to improve climate projections and motivate&nbsp;...",
11898982338855401121,Department of Energy Invests $16 Million in Data-Intensive Scientific <b>Machine Learning</b> ...,https://www.google.com/url?rct=j&sa=t&url=https://www.newswise.com/articles/department-of-energy-invests-16-million-in-data-intensive-scientific-machine-learning-research-and-analysis&ct=ga&cd=CAIyGjAyMzRlYWNiZGI4ZTE1NmI6Y29tOmVuOlVT&usg=AFQjCNFa0TgFu2U6jS39O5d0syPlsdKWsg,2021-09-09 18:11:14+00:00,2021-09-09 18:11:14+00:00,“These projects explore potentially high-impact approaches in AI and <b>machine learning</b> to assist and automate scientific discovery and data&nbsp;...,
11910678115065525275,How Do We Use <b>Artificial Intelligence</b> Ethically? - Forbes,https://www.google.com/url?rct=j&sa=t&url=https://www.forbes.com/sites/bernardmarr/2021/09/10/how-do-we-use-artificial-intelligence-ethically/&ct=ga&cd=CAIyGmEzNzYzZjBiNGFhYjU5N2U6Y29tOmVuOlVT&usg=AFQjCNEwZFozBrtpSRSemk794efrUoOMJA,2021-09-10 05:48:45+00:00,2021-09-10 05:48:45+00:00,How Do We Use <b>Artificial Intelligence</b> Ethically? AdobeStock. 1. Start with education and awareness about AI. Communicate clearly with people (&nbsp;...,
12213938713526171887,"Commerce Department Launches AI Board, Seeks Candidates - PYMNTS.com",https://www.google.com/url?rct=j&sa=t&url=https://www.pymnts.com/artificial-intelligence-2/2021/commerce-department-launches-ai-board-seeks-candidates/&ct=ga&cd=CAIyGmEzNzYzZjBiNGFhYjU5N2U6Y29tOmVuOlVT&usg=AFQjCNH8JtOWxbr5zJstlsyhBmtUzOp_cQ,2021-09-09 19:18:45+00:00,2021-09-09 19:18:45+00:00,The U.S. Commerce Department is forming an <b>artificial intelligence</b> (AI) committee that will work alongside the National AI Initiative Office&nbsp;...,
1231479563198134965,3 traps companies should avoid in their AI journeys | VentureBeat,https://www.google.com/url?rct=j&sa=t&url=https://venturebeat.com/2021/09/09/three-traps-companies-should-avoid-in-their-ai-journeys/&ct=ga&cd=CAIyGjU0ZTFhNmJhZmJlZjk4NTU6Y29tOmVuOlVT&usg=AFQjCNH0RSwZUaprTNK_6JSjfSBHKLtAgw,2021-09-09 17:26:15+00:00,2021-09-09 17:26:15+00:00,"On the hiring side, companies should look for talent beyond the typical <b>data science</b> degree and look at adjacent degrees such as physics,&nbsp;...",
12787498176642890753,Data scientist: Will there be enough of them? - Dataquest,https://www.google.com/url?rct=j&sa=t&url=https://www.dqindia.com/data-scientist-will-enough/&ct=ga&cd=CAIyGjU0ZTFhNmJhZmJlZjk4NTU6Y29tOmVuOlVT&usg=AFQjCNGpkJTPVvwY-1CTX8g3mnphK5J9YQ,2021-09-10 03:58:30+00:00,2021-09-10 03:58:30+00:00,"Businesses will need <b>data science</b> personnel with specialised abilities to collect and analyse this massive amount of data. At the same time,&nbsp;...",
13511808701088902730,What is Apache Hadoop? Understanding Hadoop Ecosystem &amp; Architecture - IT Business Edge,https://www.google.com/url?rct=j&sa=t&url=https://www.itbusinessedge.com/database/apache-hadoop/&ct=ga&cd=CAIyGjU0ZTFhNmJhZmJlZjk4NTU6Y29tOmVuOlVT&usg=AFQjCNFMCxjcF6rU3eN06TI3TXrcr6pnxA,2021-09-09 19:41:15+00:00,2021-09-09 19:41:15+00:00,"As <b>data science</b> utilizes both structured and unstructured data, the data used for analysis can be obtained from an array of application domains and&nbsp;...",
13883560953473935069,NCI expands AI work with Centers for Medicare &amp; Medicaid Services - Washington Technology,https://www.google.com/url?rct=j&sa=t&url=https://washingtontechnology.com/blogs/editors-notebook/2021/09/nci-medicare-win.aspx&ct=ga&cd=CAIyGjAyMzRlYWNiZGI4ZTE1NmI6Y29tOmVuOlVT&usg=AFQjCNGWt1FrGSbPkIODcPtlAZmMQzu8Uw,2021-09-09 18:45:00+00:00,2021-09-09 18:45:00+00:00,The extension allows NCI to expand the use of its artificial intelligence solutions including robotic process automation and <b>machine learning</b> for&nbsp;...,
14080269537734408876,How Next-Generation Models Will Leverage Big Data and AI for More Accurate Estimates of ...,https://www.google.com/url?rct=j&sa=t&url=https://news.columbia.edu/news/next-generation-models&ct=ga&cd=CAIyGjAyMzRlYWNiZGI4ZTE1NmI6Y29tOmVuOlVT&usg=AFQjCNHH8GVnmjVP15vZhLryZAOFGWQeJg,2021-09-09 17:03:45+00:00,2021-09-09 17:03:45+00:00,"CARL VONDRICK: The form of <b>machine learning</b> we are using, deep learning, achieves excellent performance when we have large amounts of data. The center&nbsp;...",
14409766189043817002,"53 Schools in Madhya Pradesh to Teach <b>Artificial Intelligence</b> to Class 8, 9 Students - News18",https://www.google.com/url?rct=j&sa=t&url=https://www.news18.com/news/education-career/53-schools-in-madhya-pradesh-to-teach-artificial-intelligence-to-class-8-9-students-4186631.html&ct=ga&cd=CAIyGmEzNzYzZjBiNGFhYjU5N2U6Y29tOmVuOlVT&usg=AFQjCNHDS1kPtsogsnTHGx3kCDfr9lEPxg,2021-09-10 05:03:45+00:00,2021-09-10 05:03:45+00:00,At least 53 schools in Madhya Pradesh will teach students <b>Artificial Intelligence</b> (AI) to provide knowledge of new technologies.,
145853313183110955,"Microsoft partnership to explore how cloud, AI and <b>machine learning</b> can be used in space",https://www.google.com/url?rct=j&sa=t&url=https://channellife.co.nz/story/microsoft-partnership-to-explore-how-cloud-ai-and-machine-learning-can-be-used-in-space&ct=ga&cd=CAIyGjAyMzRlYWNiZGI4ZTE1NmI6Y29tOmVuOlVT&usg=AFQjCNEP9b1rTGM6h1-FIf1rdjpuRDz01g,2021-09-09 21:45:00+00:00,2021-09-09 21:45:00+00:00,"The University of Adelaide&#39;s Australian Institute for <b>Machine Learning</b> is ranked among world leaders in the application of AI, computer vision and&nbsp;...",
14920625347134273099,Senate Pro Tem Atkins Appoints Councilman Elo-Rivera to Student Data Board - Times of San Diego,https://www.google.com/url?rct=j&sa=t&url=https://timesofsandiego.com/politics/2021/09/09/senate-pro-tem-atkins-appoints-councilman-elo-rivera-to-student-data-board/&ct=ga&cd=CAIyGjU0ZTFhNmJhZmJlZjk4NTU6Y29tOmVuOlVT&usg=AFQjCNEBUBrtic7F7_g2hQc2MZWL7DqZJw,2021-09-09 19:07:19+00:00,2021-09-09 19:07:19+00:00,"... Meredith Lee — who currently serves as chief technical advisor for computing, <b>data science</b>, and society at University of California, Berkeley.",
14953641194875371945,NCI expands AI work with Centers for Medicare &amp; Medicaid Services - Washington Technology,https://www.google.com/url?rct=j&sa=t&url=https://washingtontechnology.com/blogs/editors-notebook/2021/09/nci-medicare-win.aspx&ct=ga&cd=CAIyGmEzNzYzZjBiNGFhYjU5N2U6Y29tOmVuOlVT&usg=AFQjCNGWt1FrGSbPkIODcPtlAZmMQzu8Uw,2021-09-09 18:45:00+00:00,2021-09-09 18:45:00+00:00,The extension allows NCI to expand the use of its <b>artificial intelligence</b> solutions including robotic process automation and machine learning for&nbsp;...,
15811958571552923622,Masterclass in Applied <b>Artificial Intelligence</b> | Wits Business School - Executive Education Navigator,https://www.google.com/url?rct=j&sa=t&url=https://execed.economist.com/wits-business-school/masterclass-applied-artificial-intelligence-2021-09-25&ct=ga&cd=CAIyGmEzNzYzZjBiNGFhYjU5N2U6Y29tOmVuOlVT&usg=AFQjCNGfaEZ2OvQtepqJH4veJili-5fCNA,2021-09-09 16:53:21+00:00,2021-09-09 16:53:21+00:00,"Find Masterclass in Applied <b>Artificial Intelligence</b> program details such as dates, duration, location and price with The Economist Executive&nbsp;...",
1593701095302037361,New engineering and environmental studies facilities will support innovative research that ...,https://www.google.com/url?rct=j&sa=t&url=https://www.princeton.edu/news/2021/09/09/new-engineering-and-environmental-studies-facilities-will-support-innovative&ct=ga&cd=CAIyGjU0ZTFhNmJhZmJlZjk4NTU6Y29tOmVuOlVT&usg=AFQjCNFEX02Qns1Vp0nNMhJc3NDkxFOwNQ,2021-09-09 21:22:30+00:00,2021-09-09 21:22:30+00:00,... <b>data science</b> and environmental research and creates a center of gravity for convening diverse experts and innovators across and beyond the&nbsp;...,
16097979489213616773,What do new Israeli data say about effect of vaccines &amp; boosters vs. death/critical/severe disease?,https://www.google.com/url?rct=j&sa=t&url=https://www.covid-datascience.com/post/what-do-new-israeli-data-say-about-effect-of-vaccines-boosters-vs-death-critical-severe-disease&ct=ga&cd=CAIyGjU0ZTFhNmJhZmJlZjk4NTU6Y29tOmVuOlVT&usg=AFQjCNG4TAdQ0MvXecO0va04uTZVg9ajHQ,2021-09-10 02:03:04+00:00,2021-09-10 02:03:04+00:00,Covid-19 <b>Data Science</b> &middot; Home &middot; Forum &middot; About &middot; Members. More. Use tab to navigate through the menu items. Facebook &middot; Twitter. Log In.,
16119153056447573442,Gartner: AI is moving fast and will be ready for prime time sooner than you think - TechRepublic,https://www.google.com/url?rct=j&sa=t&url=https://www.techrepublic.com/article/gartner-ai-is-moving-fast-and-will-be-ready-for-prime-time-sooner-than-you-think/&ct=ga&cd=CAIyGmEzNzYzZjBiNGFhYjU5N2U6Y29tOmVuOlVT&usg=AFQjCNG7qqjaYIn-Hg6dlPFmEsgNmBvW6A,2021-09-09 19:18:45+00:00,2021-09-09 19:18:45+00:00,"Users want more than <b>artificial intelligence</b> can provide at the moment but those capabilities are changing fast, according to Gartner&#39;s Hype Cycle&nbsp;...",
16215438971452155053,Socure Announces Promotion of Pablo Abreu to Chief Product &amp; Analytics Officer - The Joplin Globe,https://www.google.com/url?rct=j&sa=t&url=https://www.joplinglobe.com/region/national_business/socure-announces-promotion-of-pablo-abreu-to-chief-product-analytics-officer/article_6a361c77-9b19-5460-8b16-c4c9888a9730.html&ct=ga&cd=CAIyGjU0ZTFhNmJhZmJlZjk4NTU6Y29tOmVuOlVT&usg=AFQjCNGsVwqtwNuMMzHgD_zD9My5brEH5w,2021-09-09 19:18:45+00:00,2021-09-09 19:18:45+00:00,... patents and intellectual property related to its use of <b>data science</b> and machine learning for identity verification and fraud mitigation.,
16588844248336343721,Harnessing <b>artificial intelligence</b> to help prevent epidemics before they spread - Croakey,https://www.google.com/url?rct=j&sa=t&url=https://www.croakey.org/harnessing-artificial-intelligence-to-help-prevent-epidemics-before-they-spread/&ct=ga&cd=CAIyGmEzNzYzZjBiNGFhYjU5N2U6Y29tOmVuOlVT&usg=AFQjCNGEaGGJDKgnu5aERwbcm8clKYV11A,2021-09-10 04:07:30+00:00,2021-09-10 04:07:30+00:00,They write below on the potential for harnessing <b>artificial intelligence</b> and the proliferation of the internet and social media for early&nbsp;...,
16648851031499874060,Kangaroo Court: Developing Competitive Strategies Alongside AI - JD Supra,https://www.google.com/url?rct=j&sa=t&url=https://www.jdsupra.com/legalnews/kangaroo-court-developing-competitive-7454595/&ct=ga&cd=CAIyGjAyMzRlYWNiZGI4ZTE1NmI6Y29tOmVuOlVT&usg=AFQjCNHRymCjeZ1KbqJU1ESh2XWDiMs7iA,2021-09-09 23:26:15+00:00,2021-09-09 23:26:15+00:00,"The recent developments in AI and <b>machine learning</b> across industries have convinced many that this innovation is on par with the great,&nbsp;...",
16785535205834904034,4 Top <b>Artificial Intelligence</b> Stocks To Watch In September 2021 | Nasdaq,https://www.google.com/url?rct=j&sa=t&url=https://www.nasdaq.com/articles/4-top-artificial-intelligence-stocks-to-watch-in-september-2021-2021-09-09&ct=ga&cd=CAIyGmEzNzYzZjBiNGFhYjU5N2U6Y29tOmVuOlVT&usg=AFQjCNESJ6enTqv_IvU0eKB9Vx8qc5_kpA,2021-09-09 20:15:00+00:00,2021-09-09 20:15:00+00:00,"Are these Top <b>Artificial Intelligence</b> Stocks On Your Watchlist This Month? For investors looking to invest in booming fields in the tech trade,&nbsp;...",
2134573090307341105,<b>Machine Learning</b> May Help Predict Efficacy of Vedolizumab Treatment in Patients ... - Medical Bag,https://www.google.com/url?rct=j&sa=t&url=https://www.medicalbag.com/home/news/machine-learning-tool-may-successfully-predict-sfcr-promote-personalized-medicine-in-uc/&ct=ga&cd=CAIyGjAyMzRlYWNiZGI4ZTE1NmI6Y29tOmVuOlVT&usg=AFQjCNHH-bmOhElzAkySOQXvNhno4B0vxw,2021-09-09 16:41:15+00:00,2021-09-09 16:41:15+00:00,"With use of <b>machine learning</b>, researchers developed a predictive tool that may identify patients with ulcerative colitis (UC) who would not&nbsp;...",
2430663091204900728,Facebook is reportedly developing custom server chips - Yahoo,https://www.google.com/url?rct=j&sa=t&url=https://www.yahoo.com/now/facebook-custom-server-chip-report-231501934.html&ct=ga&cd=CAIyGjU0ZTFhNmJhZmJlZjk4NTU6Y29tOmVuOlVT&usg=AFQjCNGMIpDdJdhqI5v8aJClLaTVkPXi0g,2021-09-09 22:34:55+00:00,2021-09-09 22:34:55+00:00,Alteryx Recognized in Gartner Peer Insights &#39;Voice of the Customer&#39; for <b>Data Science</b> and Machine Learning Platforms Report. 1d ago. GlobeNewswire&nbsp;...,
2436432075421812482,USGS <b>Data Science</b> on Twitter: &quot;The water footprint of #Hurricane #Ida. Ida made landfall in ...,https://www.google.com/url?rct=j&sa=t&url=https://twitter.com/USGS_DataSci/status/1435312569074454534&ct=ga&cd=CAIyGjU0ZTFhNmJhZmJlZjk4NTU6Y29tOmVuOlVT&usg=AFQjCNG_gRaFokANVk5kM-LqBSQzO1CKYw,2021-09-09 17:37:14+00:00,2021-09-09 17:37:14+00:00,USGS <b>Data Science</b> &middot; @USGS_DataSci. Featuring @USGS #datascience and #dataviz &middot; usgs.gov/water-data-sci… Joined August 2015&nbsp;...,
2564448525263502819,"AI/ML - Sr. <b>Data Science</b> Manager, AI/ML Data - Careers at Apple",https://www.google.com/url?rct=j&sa=t&url=https://jobs.apple.com/en-us/details/200227041/ai-ml-sr-data-science-manager-ai-ml-data%3Fteam%3DMLAI&ct=ga&cd=CAIyGjU0ZTFhNmJhZmJlZjk4NTU6Y29tOmVuOlVT&usg=AFQjCNFDR2Y9DcBPb_Tx1e6wgWifvamctQ,2021-09-09 23:00:08+00:00,2021-09-09 23:00:08+00:00,"Apply for a AI/ML - Sr. <b>Data Science</b> Manager, AI/ML Data job at Apple. Read about the role and find out if it&#39;s right for you.",
2598368758517939824,Socure Announces Promotion of Pablo Abreu to Chief Product &amp; Analytics Officer - KULR-8,https://www.google.com/url?rct=j&sa=t&url=https://www.kulr8.com/news/money/socure-announces-promotion-of-pablo-abreu-to-chief-product-analytics-officer/article_f68e0184-70c5-5178-8f1e-4541cfa74b6a.html&ct=ga&cd=CAIyGjU0ZTFhNmJhZmJlZjk4NTU6Y29tOmVuOlVT&usg=AFQjCNEiWn6j_7sIM4ylWvaUlt3YEQjsxw,2021-09-09 19:18:45+00:00,2021-09-09 19:18:45+00:00,"He is responsible for the strategy and direction of Socure&#39;s product and <b>data science</b> efforts, driving Socure to further establish its category&nbsp;...",
2698608161748421201,DataPlus 3.0 Uses <b>Machine Learning</b> to Help Strengthen Data Privacy | IDM Magazine,https://www.google.com/url?rct=j&sa=t&url=https://idm.net.au/blog/0013592-dataplus-30-uses-machine-learning-help-strengthen-data-privacy&ct=ga&cd=CAIyGjAyMzRlYWNiZGI4ZTE1NmI6Y29tOmVuOlVT&usg=AFQjCNEuNfAGRSYerUJH_UDcWRfXlLzOeQ,2021-09-09 23:26:15+00:00,2021-09-09 23:26:15+00:00,"DataPlus 3.0 Uses <b>Machine Learning</b> to Help Strengthen Data Privacy. Tata Consultancy Services (TCS), the global solution provider, has released a new&nbsp;...",
2846781292743719960,Six factors to consider when undertaking <b>data science</b> in the cloud - iTWire,https://www.google.com/url?rct=j&sa=t&url=https://itwire.com/guest-articles/guest-opinion/six-factors-to-consider-when-undertaking-data-science-in-the-cloud.html&ct=ga&cd=CAIyGjU0ZTFhNmJhZmJlZjk4NTU6Y29tOmVuOlVT&usg=AFQjCNEFyczvF4mllUytinrZ8xWdCzAF5A,2021-09-10 02:15:00+00:00,2021-09-10 02:15:00+00:00,"One of the exciting things in <b>data science</b> is that frameworks and tools are evolving at an incredible pace. However, it&#39;s critical not to get&nbsp;...",
3139165089872590647,Update on <b>Artificial Intelligence</b>: Court Rules that AI Cannot Qualify... - National Law Review,https://www.google.com/url?rct=j&sa=t&url=https://www.natlawreview.com/article/update-artificial-intelligence-court-rules-ai-cannot-qualify-inventor&ct=ga&cd=CAIyGmEzNzYzZjBiNGFhYjU5N2U6Y29tOmVuOlVT&usg=AFQjCNGD6fD1F8pH4Lqxcdop2sM5rbOhHg,2021-09-09 17:54:17+00:00,2021-09-09 17:54:17+00:00,"Striking a blow to patent applicants seeking to assert inventorship by <b>artificial intelligence</b> (“AI”) systems, the U.S. District Court for the&nbsp;...",
3736738143324814272,NUWC Division Keyport observes Hispanic Heritage Month 2021 - Naval Sea Systems Command,https://www.google.com/url?rct=j&sa=t&url=https://www.navsea.navy.mil/Media/News/SavedNewsModule/Article/2769717/nuwc-division-keyport-observes-hispanic-heritage-month-2021/&ct=ga&cd=CAIyGjU0ZTFhNmJhZmJlZjk4NTU6Y29tOmVuOlVT&usg=AFQjCNFJQ2egBSYdqdEj991nsAcSsuVg2g,2021-09-09 23:15:00+00:00,2021-09-09 23:15:00+00:00,She received her undergraduate degree in Business Analytics and Economics before earning a Master&#39;s Degree in <b>Data Science</b> from Penn State&nbsp;...,
4008650753611303777,New Pillsbury Report Explores the Benefits and Risks of AI in Cybersecurity - PR Newswire,https://www.google.com/url?rct=j&sa=t&url=https://www.prnewswire.com/news-releases/new-pillsbury-report-explores-the-benefits-and-risks-of-ai-in-cybersecurity-301372991.html&ct=ga&cd=CAIyGmEzNzYzZjBiNGFhYjU5N2U6Y29tOmVuOlVT&usg=AFQjCNGh51V53N-K_ROhF1-2r5j8RudfzA,2021-09-09 20:37:30+00:00,2021-09-09 20:37:30+00:00,"Titled &quot;<b>Artificial Intelligence</b> &amp; Cybersecurity: Balancing Innovation, Execution and Risk&quot; and written by The Economist Intelligence Unit (EIU), the&nbsp;...",
404789344069062197,Department of Energy Invests $16 Million in Data-Intensive Scientific <b>Machine Learning</b> ...,https://www.google.com/url?rct=j&sa=t&url=https://www.energy.gov/science/articles/department-energy-invests-16-million-data-intensive-scientific-machine-learning&ct=ga&cd=CAIyGjAyMzRlYWNiZGI4ZTE1NmI6Y29tOmVuOlVT&usg=AFQjCNEt3WcFU6Cp3GFz5CpzKdzuXNoS4g,2021-09-09 19:43:04+00:00,2021-09-09 19:43:04+00:00,... announced $16 million for five collaborative research projects to develop artificial intelligence (AI) and <b>machine learning</b> (ML) algorithms.,
4055865653021147402,Clinical <b>Data Science</b> and AI: Current research and future directions - Helmholtz Zentrum München,https://www.google.com/url?rct=j&sa=t&url=https://www.helmholtz-muenchen.de/aih/hauptmenue/seminars/clinical-data-science-and-ai/index.html&ct=ga&cd=CAIyGjU0ZTFhNmJhZmJlZjk4NTU6Y29tOmVuOlVT&usg=AFQjCNF8W7v0Jm0xBHKBkm2KI-mBIAihUg,2021-09-09 23:34:21+00:00,2021-09-09 23:34:21+00:00,"With presenting successful projects, we want to strengthen and initialize collaborations between clinics and <b>data science</b> in Munich. Everyone who is&nbsp;...",
4261699880256300951,Socure Announces Promotion of Pablo Abreu to Chief Product &amp; Analytics Officer | Business ...,https://www.google.com/url?rct=j&sa=t&url=https://www.valdostadailytimes.com/news/business/socure-announces-promotion-of-pablo-abreu-to-chief-product-analytics-officer/article_3ad02c70-dfbb-54d8-ab0b-bb6ba4010299.html&ct=ga&cd=CAIyGjAyMzRlYWNiZGI4ZTE1NmI6Y29tOmVuOlVT&usg=AFQjCNG4oNEsv4UQYztn15t5rF4ijcl3Zw,2021-09-09 19:18:45+00:00,2021-09-09 19:18:45+00:00,His main focus is on building and delivering highly scalable <b>machine learning</b>/artificial intelligence solutions that challenge the status quo&nbsp;...,
4936977401380553336,Ed Vasicek: Not all of us are on board with robots taking over the world | Opinion - Kokomo Tribune,https://www.google.com/url?rct=j&sa=t&url=https://www.kokomotribune.com/opinion/ed-vasicek-not-all-of-us-are-on-board-with-robots-taking-over-the-world/article_3ab97cc4-11e4-11ec-99a6-1334e6414847.html&ct=ga&cd=CAIyGmEzNzYzZjBiNGFhYjU5N2U6Y29tOmVuOlVT&usg=AFQjCNHomyD30m0fPtFA_j46Jq1OxbiiJw,2021-09-10 03:22:30+00:00,2021-09-10 03:22:30+00:00,"In our times, however, <b>Artificial Intelligence</b> means something else. If computers and cell phones were the technological legacy of the latter 20th&nbsp;...",
5259254149629100365,The new Roomba uses AI to avoid smearing dog poop all over your house - CNN,https://www.google.com/url?rct=j&sa=t&url=https://www.cnn.com/2021/09/09/tech/roomba-ai-avoids-dog-poop/index.html&ct=ga&cd=CAIyGmEzNzYzZjBiNGFhYjU5N2U6Y29tOmVuOlVT&usg=AFQjCNHMfjB7pZY0WZvHniFttjIG69MH_g,2021-09-09 22:41:15+00:00,2021-09-09 22:41:15+00:00,"IRobot, the company that makes the Roomba, is trying to eliminate this kind of incident with the use of <b>artificial intelligence</b>.",
5381512336194316251,<b>Artificial Intelligence</b>: Future directions in technology and law | Australian Academy of Science,https://www.google.com/url?rct=j&sa=t&url=https://www.science.org.au/news-and-events/events/artificial-intelligence-future-directions-technology-and-law&ct=ga&cd=CAIyGmEzNzYzZjBiNGFhYjU5N2U6Y29tOmVuOlVT&usg=AFQjCNEkegiECOu3FgsMbhxRF01yD8denQ,2021-09-09 22:07:30+00:00,2021-09-09 22:07:30+00:00,"Professor Sventha Venkatesh FAA FTSE: Co-Director, Applied <b>Artificial Intelligence</b> Institute at Deakin University, Alfred Deakin Professor,&nbsp;...",
6142964980554465128,"Learn How Students Used <b>Data Science</b> to Explore Health, Wealth, and Education in the Bronx",https://www.google.com/url?rct=j&sa=t&url=https://neighbors.columbia.edu/news/learn-how-students-used-data-science-explore-health-wealth-and-education-bronx&ct=ga&cd=CAIyGjU0ZTFhNmJhZmJlZjk4NTU6Y29tOmVuOlVT&usg=AFQjCNHYPIIBdAMU7h7E8RvHwVLLK1GDRg,2021-09-09 19:18:45+00:00,2021-09-09 19:18:45+00:00,"Over the summer, the undergraduates applied their <b>data science</b> skills to projects that focus on the need to address quality of life issues for New&nbsp;...",
6165229525177409776,"Enterprise <b>Artificial Intelligence</b> Market Next Big Thing | Major Giants IBM, Microsoft, AWS, HPE",https://www.google.com/url?rct=j&sa=t&url=https://www.bignewsnetwork.com/news/271082758/enterprise-artificial-intelligence-market-next-big-thing--major-giants-ibm-microsoft-aws-hpe&ct=ga&cd=CAIyGmEzNzYzZjBiNGFhYjU5N2U6Y29tOmVuOlVT&usg=AFQjCNGi5Q7Ah0OSX4A2cZ-COmj7BMvdEA,2021-09-09 22:52:30+00:00,2021-09-09 22:52:30+00:00,Latest Study on Industrial Growth of Worldwide Enterprise <b>Artificial Intelligence</b> Market 2021-2027. A detailed study accumulated to offer Latest&nbsp;...,
6217991123822188099,<b>Machine Learning</b> &amp; High Dimensional Data | Yale School of Public Health &lt; Research &amp; Practice,https://www.google.com/url?rct=j&sa=t&url=https://ysph.yale.edu/public-health-research-and-practice/department-research/biostatistics/high-dimensional-data/&ct=ga&cd=CAIyGjAyMzRlYWNiZGI4ZTE1NmI6Y29tOmVuOlVT&usg=AFQjCNGdUd6XJoHThYl9qwYJ4WyDFH35tA,2021-09-09 22:00:30+00:00,2021-09-09 22:00:30+00:00,"<b>Machine learning</b> focuses on the creation, characterization and development of algorithms that, when applied to data, allow us to understand their&nbsp;...",
7329030464371140791,Biobest Makes Investment in Robotics and <b>Artificial Intelligence</b> - Greenhouse Grower,https://www.google.com/url?rct=j&sa=t&url=https://www.greenhousegrower.com/production/biobest-makes-investment-in-robotics-and-artificial-intelligence/&ct=ga&cd=CAIyGmEzNzYzZjBiNGFhYjU5N2U6Y29tOmVuOlVT&usg=AFQjCNHtzcxxcMyGAP2uQ2Ogz8BDGpmrPw,2021-09-09 17:51:50+00:00,2021-09-09 17:51:50+00:00,"Biobest, a global leader in biocontrol and pollination, has expanded its partnership with ecoation, a pioneer in robotics and <b>artificial</b>&nbsp;...",
7732805458052610372,Microsoft explores <b>machine learning</b> in space with AIML - Manufacturers&#39; Monthly,https://www.google.com/url?rct=j&sa=t&url=https://www.manmonthly.com.au/news/microsoft-explores-machine-learning-space-aiml/&ct=ga&cd=CAIyGjAyMzRlYWNiZGI4ZTE1NmI6Y29tOmVuOlVT&usg=AFQjCNEK93l2c5kaQSEU3Nn9eawOQkydyA,2021-09-10 00:04:34+00:00,2021-09-10 00:04:34+00:00,Microsoft has signed a MoU with the University of Adelaide&#39;s Australian Institute for <b>Machine Learning</b> (AIML) to explore how advanced cloud&nbsp;...,
7893758981665443303,AWS and Bundesliga to Debut Two New Bundesliga Match Facts for the 2021–22 European ...,https://www.google.com/url?rct=j&sa=t&url=https://finance.yahoo.com/news/aws-bundesliga-debut-two-bundesliga-173200038.html&ct=ga&cd=CAIyGjAyMzRlYWNiZGI4ZTE1NmI6Y29tOmVuOlVT&usg=AFQjCNF8AYfdx6A4a51meMWty8wbIZPT-w,2021-09-09 17:26:15+00:00,2021-09-09 17:26:15+00:00,"Shot Efficiency and Passing Profile bring the total number of advanced statistics to eight, using AWS <b>machine learning</b> and analytics to give fans&nbsp;...",
8945408963952090730,ASU geography professor wins NSF mid-career award | ASU News,https://www.google.com/url?rct=j&sa=t&url=https://news.asu.edu/20210909-asu-geography-professor-wins-nsf-mid-career-award&ct=ga&cd=CAIyGjU0ZTFhNmJhZmJlZjk4NTU6Y29tOmVuOlVT&usg=AFQjCNFGereEWmq0J1dLgxuVsHufgABtNA,2021-09-09 19:41:15+00:00,2021-09-09 19:41:15+00:00,“This award focuses exactly on career advancement in polar <b>data science</b>; it offers an exciting opportunity for me to build a large collaboration&nbsp;...,
8998369300276242310,Machine Learning &amp; High Dimensional Data | Yale School of Public Health &lt; Research &amp; Practice,https://www.google.com/url?rct=j&sa=t&url=https://ysph.yale.edu/public-health-research-and-practice/department-research/biostatistics/high-dimensional-data/&ct=ga&cd=CAIyGjU0ZTFhNmJhZmJlZjk4NTU6Y29tOmVuOlVT&usg=AFQjCNGdUd6XJoHThYl9qwYJ4WyDFH35tA,2021-09-09 22:00:30+00:00,2021-09-09 22:00:30+00:00,This area of research is fundamental to applied statistics and <b>data science</b> and drives many of their recent advancements.,
9172277469751289258,Ethical <b>Artificial Intelligence</b> is Focus of New Robotics Program | Mirage News,https://www.google.com/url?rct=j&sa=t&url=https://www.miragenews.com/ethical-artificial-intelligence-is-focus-of-new-629367/&ct=ga&cd=CAIyGmEzNzYzZjBiNGFhYjU5N2U6Y29tOmVuOlVT&usg=AFQjCNGu9R7WxsCUXdhCwMgclu1VbNarpQ,2021-09-09 18:11:15+00:00,2021-09-09 18:11:15+00:00,"Ethical <b>Artificial Intelligence</b> is Focus of New Robotics Program. AUSTIN, Texas – Ethics will be at the forefront of robotics education&nbsp;...",
9424360829991524297,TulsaLabs to Develop Personalized Health Analytics Utilizing <b>Artificial Intelligence</b> | Benzinga,https://www.google.com/url?rct=j&sa=t&url=https://www.benzinga.com/pressreleases/21/09/g22873343/tulsalabs-to-develop-personalized-health-analytics-utilizing-artificial-intelligence&ct=ga&cd=CAIyGmEzNzYzZjBiNGFhYjU5N2U6Y29tOmVuOlVT&usg=AFQjCNGctF2ItOLY8NzX3o2dv_vZIHGqBQ,2021-09-09 18:11:15+00:00,2021-09-09 18:11:15+00:00,&quot;We are very excited at the idea of utilizing <b>artificial intelligence</b> and wearable data to help people live better and even possibly longer lives.,
9436700736077957601,"The Edge Is Just A Massive, Geographically Distributed Cluster - The Next Platform",https://www.google.com/url?rct=j&sa=t&url=https://www.nextplatform.com/2021/09/09/the-edge-is-just-a-massive-geographically-distributed-cluster/&ct=ga&cd=CAIyGjAyMzRlYWNiZGI4ZTE1NmI6Y29tOmVuOlVT&usg=AFQjCNHA3GGmh1Dkjn6XlnyFNMFvaemVYA,2021-09-10 01:30:00+00:00,2021-09-10 01:30:00+00:00,Sponsored If you have a hundred or a thousand machines that you want to work in concert to run a simulation or a model or a <b>machine learning</b>&nbsp;...,
9460654462919297687,Global <b>Artificial Intelligence</b> in Telecommunications Market Opportunity Report 2021 - Business Wire,https://www.google.com/url?rct=j&sa=t&url=https://www.businesswire.com/news/home/20210909006129/en/Global-Artificial-Intelligence-in-Telecommunications-Market-Opportunity-Report-2021---ResearchAndMarkets.com&ct=ga&cd=CAIyGmEzNzYzZjBiNGFhYjU5N2U6Y29tOmVuOlVT&usg=AFQjCNEOQiGDqngPFKBodHlBjQNONMwJwg,2021-09-09 20:48:45+00:00,2021-09-09 20:48:45+00:00,"<b>Artificial intelligence</b> is a key disruptive technology for the telecommunications industry, enabling service providers to expand their service&nbsp;...",
9461457220978675523,New NSF Center Will Advance Phosphorus Sustainability | NC State News,https://www.google.com/url?rct=j&sa=t&url=https://news.ncsu.edu/2021/09/new-nsf-center-will-advance-phosphorus-sustainability/&ct=ga&cd=CAIyGjU0ZTFhNmJhZmJlZjk4NTU6Y29tOmVuOlVT&usg=AFQjCNFsMpWx-xdf7X87f_ymKUZvzcnC-A,2021-09-09 17:03:45+00:00,2021-09-09 17:03:45+00:00,"STEPS will also leverage disciplinary contributions like team science and <b>data science</b>, while drawing on the expertise of industry partners to&nbsp;...",
9594476536464893394,Reckoning with Slavery: Revisiting Management&#39;s Uncomfortable Past - Nonprofit Quarterly,https://www.google.com/url?rct=j&sa=t&url=https://nonprofitquarterly.org/reckoning-with-slavery-revisiting-managements-uncomfortable-past/&ct=ga&cd=CAIyGjU0ZTFhNmJhZmJlZjk4NTU6Y29tOmVuOlVT&usg=AFQjCNFih0tYMf40qFEn-lKlxELNZvnbGA,2021-09-09 17:03:53+00:00,2021-09-09 17:03:53+00:00,"As we would say today, they sharpened their <b>data science</b> skills and expanded their networks. Yet these early consumers of business education—many&nbsp;...",
9638477633582734398,AWS and Bundesliga to Debut Two New Bundesliga Match Facts for the 2021–22 European ...,https://www.google.com/url?rct=j&sa=t&url=https://www.kulr8.com/news/money/aws-and-bundesliga-to-debut-two-new-bundesliga-match-facts-for-the-2021-22-european/article_f9b0424e-bdca-5416-83a7-63574a09f0c9.html&ct=ga&cd=CAIyGjAyMzRlYWNiZGI4ZTE1NmI6Y29tOmVuOlVT&usg=AFQjCNFt7-L-aD0i9l1PIz8A2hi123WGqQ,2021-09-09 17:26:15+00:00,2021-09-09 17:26:15+00:00,"To develop these stats, <b>machine learning</b> models trained on Amazon SageMaker (AWS&#39;s service that enables data scientists and developers to build, train&nbsp;...",
9664782898824197583,DOE Funds $16M for Scientific ML Research - insideHPC,https://www.google.com/url?rct=j&sa=t&url=https://insidehpc.com/2021/09/doe-funds-16m-for-scientific-ml-research/&ct=ga&cd=CAIyGjAyMzRlYWNiZGI4ZTE1NmI6Y29tOmVuOlVT&usg=AFQjCNH6zoFbNBtHPNPc2QrwMRN7zvIkuA,2021-09-09 18:11:15+00:00,2021-09-09 18:11:15+00:00,"... (AI) and <b>machine learning</b> (ML) algorithms for enabling scientific insights and discoveries from data generated by computational simulations,&nbsp;...",
9675458169027908740,Descartes Labs to Host GEOINT 2021 Training Workshop on Creating <b>Machine</b> ... - GISuser.com,https://www.google.com/url?rct=j&sa=t&url=https://gisuser.com/2021/09/descartes-labs-to-host-geoint-2021-training-workshop-on-creating-machine-learning-based-computer-vision-models-for-planetary-scale-data-analysis/&ct=ga&cd=CAIyGjAyMzRlYWNiZGI4ZTE1NmI6Y29tOmVuOlVT&usg=AFQjCNGK1ZyATsgb0QkU1oFWTCmzEOvl2Q,2021-09-09 17:53:10+00:00,2021-09-09 17:53:10+00:00,Descartes Labs to Host GEOINT 2021 Training Workshop on Creating <b>Machine Learning</b>-Based Computer Vision Models for Planetary Scale Data Analysis.,
9852771834898840979,<b>Machine Learning</b> augmented docking studies of aminothioureas at the SARS-CoV-2-ACE2 ...,https://www.google.com/url?rct=j&sa=t&url=https://www.docwirenews.com/abstracts/machine-learning-augmented-docking-studies-of-aminothioureas-at-the-sars-cov-2-ace2-interface/&ct=ga&cd=CAIyGjAyMzRlYWNiZGI4ZTE1NmI6Y29tOmVuOlVT&usg=AFQjCNEAdkUNyCLFf10vdi9Xz8lBerk75A,2021-09-09 17:48:45+00:00,2021-09-09 17:48:45+00:00,... with the main ones being docking and structure-activity relationship modeling either by classical linear QSAR or <b>Machine Learning</b> techniques.,
