Company,Contact Person,Address,Email,Telephone,Fax No.
ACCENTURE,Ju Min Lim,"Level 30 Menara Exchange 106, Lingkaran TRX Tun Razak Exchange, 55188 Kuala Lumpur.",GrowWithUs@accenture.com,03 2088 4000,03 20887000
Acumed Medical Group,Chuah Xing Mei,10 Toh Guan Road #09-02 Singapore 608838,chuahxingmei@acumed.com.sg,+6565663311,+6565677365
AEGIS BPO Malaysia Sdn Bhd,,"AEGIS BPO Malaysia Sdn Bhd,  Level 2, Symphony House, Pusat Dagangan Dana 1 JalanPJU 1A/46 47301 Petaling Jaya Selangor, Malaysia",,03-76613636,
AEON CO. (M) BHD.,Pravina Karpan,"3rd Floor, AEON Taman Maluri Shopping Centre Jalan Jejaka, Taman Maluri Cheras 55100, Kuala Lumpur",,03-9207 2107,03-9207 2006/2007
AEON CREDIT SERVICE (M) BERHAD,Munirah,"Level 18, UOA Corporate Tower Avenue 10, The Vertical Bangsar South City 8, Jalan Kerinchi 59200 Kuala Lumpur",sitinurmunirah@aeoncredit.com.my,03 2772 9306,
AFFIN BANK BERHAD,,"80, Jalan Raja Chulan 50200 Kuala Lumpur",hr.recruitment@affinbank.com.my,03 2055 9523 / 03 2055 9530 / 03 2055 9507,
AFFIN HWANG CAPITAL,Group Chief Human Resource Officer,"27th Floor,  Menara Boustead 69 Jalan Raja Chulan 50200 Kuala Lumpur",,+603-2142 3700,+603-2142 3799
AHMAD ZAKI RESOURCES BERHAD,,"AHMAD ZAKI RESOURCES BERHAD MENARA AZRB, NO. 71 PERSIARAN GURNEY 54000 KUALA LUMPUR.",,03-26987171,
AIA BHD,,Menara AIA 99 Jalan Ampang 50450 Kuala Lumpur,my.careers@aia.com,03 2056 1111						,
AIA Shared Services,Leslie Lian (HR Manager),"Wisma Mustapha Kamal,  Menara 2, 02-06-01, NeoCyber, Lingkaran Cyber Point Barat, Cyber 12,  63000 Cyberjaya,  Selangor Darul Ehsan",MY.Career@aia.com,603- 8213 2591,
Airbus Customer Services Sdn Bhd,Nurzafirah Binti Masri,"Airbus Customer Services Sdn Bhd, Lot PT16, Jalan KLIA S7, Southern Support Zone, KLIA, 64000 Sepang, SELANGOR",nurzafirah.masri@airbus.com,03-8878 6671,
Aisling Consulting Sdn Bhd,Melissa Norman,"SO-7.02, 7.03, 7.03A, Menara 1, No 3, Jalan Bangsar, KL Eco City, 59000 Kuala Lumpur",melissa.n@aislingconsulting.com,+60124979774,
ALLIANCE BANK MALAYSIA BERHAD,,Menara Multi-Purpose Capital Square Kuala Lumpur,careers@alliancefg.com,+603-2604 1225,
 allnex,YiaWen Lim,"Level 1, Lot 1.01, 1, First Avenue, Bandar Utama, 47800 Petaling Jaya, Selangor",Global_Talent_Acquisition@allnex.com,603 2785 9159,
AMBANK GROUP,,"Group Human Resource Level 37,  No.8, Menara AmBank Jalan Yap Kwan Seng 50250 Kuala Lumpur",fly-high@ambankgroup.com,03 2167 3000,
American Express,Pep Sutaratada,"Menara Prestige, Level 14, 1, Jalan Pinang, 50450 Kuala Lumpur, Wilayah Persekutuan, Malaysia",,+60 3 2030 9421,
Anantara Vacation Club Legian Bali,,"Double Six Beach, Jl. Pantai Arjuna No.18, Legian, Kuta, Badung Regency Bali 80361",,(+62)85265651659,
Ansell Global Trading Center (Malaysia) Sdn Bhd,Winci Loh,"Ansell Global Trading Center (Malaysia) Sdn. Bhd. Prima 6, Prima Avenue, Block 3512, Jalan Teknokrat 6, 63000 Cyberjaya, Malaysia",winci.loh@ansell.com,03 8310 6811,03 8318 6699
AQUARIS OFFSHORE SDN BHD,,"UNIT B-13A-7, BLOK B MEGAN AVENUE II, JALAN YAP KWAN SENG 50450 KUALA LUMPUR",,03-21813669,
Arvato Systems Malaysia Sdn Bhd,Lewis Chung,"Suite 26-10, Level 26, GTower,  199, Jalan Tun Razak, 50400 Kuala Lumpur Malaysia",hr.my@bertelsmann.de,+60 3-2330 1988,
Aspiro,,"Level 13, Tower 9, UOA Business Park 1, Jalan Pengaturcara U1/51A Seksyen U1 40150 Shah Alam Selangor",ask@aspiro.co,03 2262 0800,
ASTRO,,All Asia Broadcast Centre Technology Park Malaysia Lebuhraya Puchong - Sg Besi 57000 Bukit Jalil Kuala Lumpur,youth_outreach@astro.com.my,+603-9543 6688,
AVERIS SDN BHD,,Level 5 Wisma Averis Tower 2 Avenue 5 Bangsar South No 8 Jalan Kerinchi 59200 Kuala Lumpur,recruitment@averis.biz,03-2758 8888,
Avery Dennison,Mr Robert William Pye (Operating Director),"Lot 6, Jalan P/2, Kawasan Perusahaan Bangi, Bangi, Selangor Darul Ehsan",lpm.my@ap.averydennison.com,60389250901,
AWANSOFT TECHNOLOGY,Esther Gan,"B-10-11 Plaza Mont? Kiara, 2 Jalan Kiara, 50480 Kuala Lumpur, Malaysia.",esther@awansoft.biz,6 012 300 2000,6 03 6419 0020
AXA AFFIN GENERAL INSURANCE BERHAD,Shaminadra Mohamad & Nurzahira Pandawa,"Talent Acquisition  Level 28, Wisma Goldhill, 67, Jalan Raja Chulan, 50200 Kuala Lumpur",,03 2170 8282,03 2031 7287
AXA AFFIN LIFE INSURANCE BERHAD,,"8th Floor,  Chulan Tower No. 3, Jalan Conlay 50450 Kuala Lumpur",hr.recruit@axa-life.com.my,03 21173610						,
AXIATA GROUP BHD,,Axiata Tower 9 Jalan Stesen  Sentral 5 Kuala Lumpur Sentral 50470 Kuala Lumpur,,+603-2263 8888,
BAE Systems Applied Intelligence,,"Menara Binjai  No2 Jalan Binjai off Jalan Ampang 50450,W.P Kuala Lumpur , Malaysia",recruitment.apac@baesystems.com,03-2191 3000,
BANK ISLAM MALAYSIA BERHAD,Employer Branding & Talent Sourcing,Menara Bank Islam No.22 Jalan Perak 50450 Kuala Lumpur Wilayah Persekutuan Kuala Lumpur,career@bankislam.com.my,+603-2088 8000,+603-2088 8325
BANK NEGARA MALAYSIA,Recruitment Section,"Jalan Dato Onn,  Kuala Lumpur,  Malaysia",recruit@bnm.gov.my,03-2698 8044,
BANK PERTANIAN MALAYSIA BERHAD (AGROBANK),,Leboh Pasar Besar P.O Box 10815 50726 Kuala Lumpur,career@agrobank.com.my,+603-2731 1600,+603-2692 5827
BANK RAKYAT,,"Menara Kembar Bank Rakyat No 33, Jalan Travers 50470 Kuala Lumpur",careers@bankrakyat.com,03-2612 9600,
BASF Asia-Pacific,,Level 25 Menara TM Jalan Pantai Baharu 59200 Kuala Lumpur,,03-2246 9000,
BDO,,"Level 8,  BDO @ Menara CenTARa 360, Jalan Tuanku Abdul Rahman 50100 Kuala Lumpur Malaysia",jobs@bdo.my,+603 2616 2888,+603 2616 3197
BHP - Shared Services,April de Guzman,"Level 35, Menara Southpoint Mid Valley City  Medan Syed Putra Selatan 59200 Kuala Lumpur",,+603 2037 6679,
BIAXIS (M) SDN BHD,alice yeap,"52, JALAN USJ 1/33, TAMAN SUBANG PERMAI, 47600 SUBANG JAYA, SELANGOR",aliceyeap@biaxis.com.my,03-80240405,
BIG Loyalty Sdn Bhd,Azrini Suhardi,"Level 4, Wisma Tune, Lorong Dungun, Damansara Heights, 50490 Kuala Lumpur, Malaysia",,0327753327,
Biocon Biologics,Biocon Sdn. Bhd.,"No. 1, Jalan Bioteknologi 1,  Kawasan Perindustrian SiLC,  79200 Iskandar Puteri,  Johor, Malaysia",queries.malaysia@biocon.com,+607-5600000,
Brainfuse,,"271 Madison Ave New York, NY 10016",,,
Brand Geeks Inc,Brand Geeks,"13A-31, Level 14, Plaza Azalea, Persiaran Bandar Raya, Seksyen 14, Shah Alam, 40000, Selangor, Malaysia",hotbutton@brandgeeksinc.com,+60355248029,
BRITISH AMERICAN TOBACCO (MALAYSIA) BERHAD,,"Level 19, Wisma Guocoland Damansara City No. 6 Jalan Damanlela Bukit Damansara 50490 Kuala Lumpur",gbs_hr_aspac_recruitment@bat.com,+603-8991 7635,+603-7491 3723
BRITISH AMERICAN TOBACCO (REGIONAL PRODUCT CENTRE),"Ian Liew, Poovanesh Sevaneson","Virginia Park, Jalan Universiti, 46200 Petaling Jaya, Selangor Darul Ehsan, Malaysia",,03-7491 7100,
Broadgate Advisers Sdn Bhd,,,,03-2201 5337,
BRUNSFIELD INTERNATIONAL GROUP,Ms. Carmen Chua,"Brunsfield Centre, No. 8, Jalan Wan Kadir 4,  Off Jalan Damansara, Taman Tun Dr. Ismail, 60000,  Kuala Lumpur Malaysia",hra@brunsfield.com,03.7726.9898,03.7726.8998
Bumi Armada Berhad,,"Level 21, Menara Perak 24, Jalan Perak 50450 Kuala Lumpur Malaysia",,03 2171 9028,
Camdy Global Sdn Bhd,Susan K,"No 43A, Jalan TSB 10A, Taman Industri Sungai Buloh, 47000 Sungai Buloh, Selangor, Malaysia.",susan@camdy.com.my,603-27764836,
Cardas Research & Consulting Sdn Bhd,Norashikin,"A-15-10 & A-15-12 Menara A, Prima Avenue Jalan PJU 1/39, Dataran Prima 47301 Petaling Jaya Selangor",norashikin@crcg.com.my,03-7801 0688,03-7801 0699
CARGILL HOLDINGS SDN BHD,Ezza,"Level 22, Menara TM, Off Jalan Pantai Baru, 59200 Kuala Lumpur, Malaysia",,+603-22466537,+603-22463195
CCM Chemicals,Fatin Syazwani,"MENARA NAZA TTDI, LEVEL 16 & 17 NO. 11, JALAN JUDO 13/45, SECTION 13 40100 SHAH ALAM, SELANGOR",fatin-syazwani@ccmberhad.com,03 55166808,
Celcom Axiata Berhad,,"9, Jalan Stesen Sentral 5 Kuala Lumpur Sentral 50470 Kuala Lumpur",,03 2263 8888,
CHEMICAL COMPANY OF MALAYSIA BERHAD,,"13th Floor, Menara PNB 201-A, Jalan Tun Razak 50400 Kuala Lumpur",hr-ccmb@ccmberhad.com,03-2612 3888,
Chemopharm Sdn Bhd,Christine Lee,"No 20, Jalan SS2/66 47300 Petaling Jaya Selangor",chrischlee@chemopharm.com,+603-7872 6000,
CIMA,Naidatul Afiqah,,myelitepath@aicpa-cima.com,6019 206 0813,
CIMB GROUP,,Menara CIMB Jalan Stesen Sentral 2 Kuala Lumpur Sentral 50470 Kuala Lumpur,graduate.careers@cimb.com,+603-2261 8888,+603-2261 8806
CITIBANK MALAYSIA,,"Level 35,  Menara Citibank 165, Jalan Ampang 50450 Kuala Lumpur",,03 2383 0000,
City- Link Express (M) Sdn Bhd,safina,"Wisma City Link, No. 3A, Jalan Akitek U1/22, Seksyen U1, Hicom Glenmarie Industrial Park, 40150 Shah Alam, Selangor.",safina.hrd@citylinkexpress.com.my,016-2263850,03-55693583
Clarivate (Malaysia) Sdn Bhd,,/cdn-cgi/l/email-protection,,,
Codemasters Studios Sdn Bhd,,"13A, Block 1B Plaza Sentral, KL Sentral 50470 Kuala Lumpur",klrecruitment@codemasters.com,603-22799555,
Cognizant Technology Solutions Malaysia,"Ling Hong, Chen","C-11-01, iTech Tower, Jalan Impact, Cyber 6, 63000, Cyberjaya, Selangor Darul Ehsan, Malaysia",CampusAPAC@cognizant.com,03-83133600,03-083133800
Colgate-Palmolive Marketing Sdn.Bhd.,Kavitha Sundaresen,"Jalan Semangat/Jalan Bersatu, Section 13, 46200, Petaling Jaya, Selangor, Malaysia",career_my@colpal.com,03-79654488,
Comcorde Medical M Sdn Bhd,Maggie Soh,"No. 1, Jalan 11/32B, TSI Business Industrial Park, Batu 6.5 Off Jala Kepong, 52000 Kuala Lumpur",hr@comcorde.com.my,0362433245,0362433246
Conext Solution Sdn Bhd,,"Suite: 33-01, 33rd Floor,Menara Keck Seng 203 Jalan Bukit Bintang, Kuala Lumpur, Federal Territory of Kuala Lumpur 55100, MY",recruitment@conextsolution.com,017 2797942,
CONTINENTAL TYRE PJ SDN BHD,Human Relations Recruiting,"No 4, Jalan Tandang 46050 Petaling Jaya Selangor",staffing.pj@conti.my,03 7787 8888 / Ext 974,03 7783 5216
Coway Malaysia,COWAY HR,"Level 20, Menara Ilham, No. 8 Jalan Binjai, 50450 Kuala Lumpur",,03-20590000,
CPA Australia,,"Suite 10.01, Level 10 The Gardens South Tower Mid Valley City 59200 Kuala Lumpur",kl@cpaaustralia.com.au,+603-2267 3388,
Credit Guarantee Corporation Malaysia Berhad,,"Bangunan CGC, Kelana Business Centre 97, Jalan SS7/2, 47301 Petaling Jaya Selangor Darul Ehsan.",recruitment@cgc.com.my,03-7806 2300,
CRS Corporate Services Sdn Bhd,,"Suite 29-5 & 29-6, Level 29, Menara Oval Damansara, 685 Jalan Damansara, 60000 Kuala Lumpur",careers@crsadvisory.com.my,03-77336882,
Crystal International Group Limited,Associate Programme,Crystal Industrial Building 71 How Ming Street Kwun Tong Kowloon Hong Kong,associate@crystalgroup.com,(852) 2261 8888,
CTOS,Sathiya,"Level 8, Tower A, Vertical Business Suite, Avenue 3 Bangsar South, No 8 Jalan Kerinchi 59200, Kuala Lumpur",ctoshr@yahoo.com,0174618510,
DANONE DUMEX (MALAYSIA) SDN BHD,,"Suites 8.01 & 9.01, Level 8 & 9, The Gardens South Tower, Mid Valley City,Lingkaran Syed Putra, 59200 Kuala Lumpur, Malaysia",,03-2298 1688,
Dassault Systemes Innovation Technologies Malaysia Sdn Bhd,Ivan Chin,"Crown Penthouse, 1, First Avenue, Bandar Utama, 47800 Petaling Jaya, Selangor",,03-7494 9100,
Dell Technologies,,"PENANG Plot 76, Mukim 11,  Bukit Tengah Industrial Park 14000 Bukit Mertajam, Penang  CYBERJAYA 2900, Persiaran APEC,  Cyberjaya, 63000 Selangor",Assistance@Dell.com,03-8310-1888,
DELOITTE,,"Level 16, Menara LGB 1, Jalan Wan Kadir Taman Tun Dr Ismail 60000 Kuala Lumpur",myhrdept@deloitte.com,+603-7610 8888,
DHL IT SERVICES,,"3509 & 3511, Jalan Teknokrat 5,  Cyberjaya, 63000 Cyberjaya, Selangor",graduatescareer.its@dhl.com,03-8315 8000,
Dialog Group Berhad,,,recruitment@dialogasia.com,+603-77171111,
Digi Telecommunications Sdn Bhd,,"Lot 10, Jalan Delima 1/1, Subang Hi-tech Industrial Park 40000 Shah Alam Selangor Darul Ehsan",ta@digi.com.my,016-221 1800,
DKSH Corporate Shared Services Center Sdn. Bhd.,Aris Isa,"Level 8, Menara KEN TTDI No. 37, Jalan Burhanuddin Helmi,  Taman Tun Dr Ismail, 60000 Kuala Lumpur.""",,+60327784893,
DKSH MALAYSIA SDN BHD,Noor Mazliana,"B-11-01, The Ascent, Paradigm 1, Jalan SS 7/26A, Kelana Jaya 47301 Petaling Jaya Selangor Darul Ehsan",noor.mazliana@dksh.com,03 7882 8888,03 7882 5555
Doka Formwork Malaysia Sdn Bhd,Carolyn Khaw,"Lot 6, jalan teknologi, taman sains selangor 1, Kota damansara, 47810, petaling jaya, selangor",carolyn.khaw@doka.com,03-61484888,
DRB-HICOM BERHAD,,,,,
Dropee,Lynn N,"A-05-25, Block A, Sunway Geo, Jalan Lagoon Selatan, Sunway South Quay, Bandar Sunway, 47500, Selangor, Malaysia",people@dropee.com,+60356505184,
Dunia Sukan,,"DS AMAL GLOBAL SDN BHD 1-2, D’Bayu Business Centre, Jalan Serambi U8/24, 40150, Shah Alam, Selangor.",myduniasukan@gmail.com,0378317061,
Duopharma Biotech Berhad,,Bangi,gowri@duopharmabiotech.com,03-89242251,03-89257930
DYSON,,"Plo 208, Jalan Cyber 14 Senai Industrial Estate IV 81400 Senai, Johor",,-,
Eco World Development Group Berhad,,"Suite 52, Setia Avenue 2, Jalan Setia Prima S U13/S Setia Alam, Seksyen U13 40170 Shah Alam Selangor Darul Ehsan",career@ecoworldgroup.com.my,+603-3344 2552,
Ekuinas,,"EKUITI NASIONAL BERHAD Level 13, Surian tower Jalan PJU 7/3  47810 Petaling Jaya Selangor",iltizampdp@ekuinas.com.my,+603-7710 7171,
EPF Malaysia,,EPF Building Jalan Raja Laut 50350 Kuala Lumpur,recruitment@epf.gov.my,+603-26166359,
Etika Group of Companies,Annie Tey,"Lot 7, Jalan P/2, Seksyen 13, Kawasan Perusahaan Bandar Baru Bangi, 43650 Bandar Baru Bangi, Selangor Darul Ehsan, Malaysia.",career@etikaholdings.com,+603 8913 5333,
Eucogen Sdn Bhd,Jason,"No 6A, Jalan Sungai Burung U32/U, Bukit Rimau, 40460 Shah Alam, Selangor",jason.hee@eucogen.com,03-51311997,
Evyap Sabun Malaysia Sdn Bhd,,PLO 70 Jalan Nibong 4 Tanjung Langsat Industrial Complex 81700 Pasir Gudang Johor,,607-252 7000,
Experian Malaysia,Lau Wee Kiat,"Ground Floor, Block B, Quill 18, Lingkaran Teknokrat 3 Barat Cyber 4, 63000 Cyberjaya Selangor Darul Ehsan, Malaysia",,+603 -8316 0112,
EXXONMOBIL SUBSIDIARIES IN MALAYSIA,,"Menara ExxonMobil,  Kuala Lumpur City Centre 50088, Kuala Lumpur,  Malaysia",,+603-4815 2000,
EY,Kelly Kok,Level 23A Menara Milenium Jalan Damanlela  Pusat Bandar Damansara  50490 Kuala Lumpur,,+603-7495 8000,
FEDAPI SDN BHD,SOO JING YI,"No. 57F, JALAN MAHKOTA 1, MUTIARA BUKIT RAJA 2",hr2.fedapi@gmail.com,0164679920,
FELDA GLOBAL VENTURES HOLDINGS SDN BHD,,"Level 45, Menara Felda Platinum Park 11, Persiaran KLCC 50088 Kuala Lumpur",career@feldaglobal.com,+603-2859 0000,
Fonterra Brands Malaysia,,"No. 23, Jalan Delima 1/1, Subang Hi Tech Industrial Park, Batu 3, 40300 Shah Alam, Selangor Malaysia",,+603-5885 1888,+603-56352995
Foodpanda Malaysia,Maryanne Richard,"Delivery Hero Malaysia Sdn Bhd 37-01, Level 37, Tower B, The Vertical Corporate Towers, Avenue 10, Bangsar South, No. 8, Jalan Kerinchi, 59200, Kuala Lumpur, Malaysia",,032 772 7268,
Funding Societies,,"Unit 20-11, Tower A, Vertical Business Suite Avenue 3, No., 8, Jalan Kerinchi, Bangsar South, 59200 Kuala Lumpur, Malaysia",,,
Fuze Ecoteer Outdoor Adventure Sdn Bhd,Liyana Salleh,"No 34A, Jalan Stesen, 31250 Tanjung Rambutan, Ipoh, Perak",adventure@fuze-ecoteer.com,012-217 3208,
FWD TAKAFUL BERHAD,HR Deparment,"Menara Shell,  No. 211 Jalan Tun Sambanthan,  50470 Kuala Lumpur, Malaysia.",careers.my@fwd.com,03-2771 7888,
Gabungan AQRS Berhad,,"G58 & 59, Blok G Jalan Teknologi 3/9 Bistari 'De' Kota, Kota Damansara PJU 5, 47810 Petaling Jaya Selangor.",,03-61418181,
GAMUDA BERHAD,Ong Boon Teik,"Block D, Menara Gamuda  PJ Trade Centre  8, Jalan PJU/8A Bandar Damansara Perdana 47820 Petaling Jaya Selangor Darul Ehsan",gbhr@gamuda.com.my,+603-7491 8288,+603-7726 9217
Garena Malaysia Sdn Bhd,Nicole Lee,"Suite 18.01, Level 18, The Gardens North Tower, Mid Valley City, Lingkaran Syed Putra, 59200, Kuala Lumpur, Malaysia.",Nicole - leen@garena.com Amy - choonga@garena.com ,03-2298 9299						,03-2282 2459
General Assembly Malaysia,,"Ground Floor, Bangunan ECM Libra 8, Jalan Damansara Endah, Bukit Damansara, 50490 Kuala Lumpur",partnerships@akademiga.com,03-2300 3331,
GET DOC TECHNOLOGIES SDN BHD,Qian,"D-09-07, Mitraland Corporate Office Tower, 13A, Jalan PJU 5/1, Kota Damansara, 47810 Petaling jaya.",askqian@getdoc.co,0124106347,0376294772
GibraltarBSN Life Bhd,,"Level 21, Mercu 2, KL Eco City, No. 3, Jalan Bangsar, 59200 Kuala Lumpur",,03-2298 2000,
GLOCO MALAYSIA SDN BHD,HR Malaysia,"GLOCO MALAYSIA SDN. BHD. A-G-13A & A-01-13A, Block A, Merchant Square. No.1, Jalan Tropicana Selatan 1,",hrmalaysia@gloco.com,017-4516008,
GRADUAN,,"B7-1 Dataran Palma Jalan Selaman 1 Ampang, 68000",graduancareers@graduan.com,+603-4270 3270,+603-4270 3275
GREAT EASTERN LIFE ASSURANCE (MALAYSIA) BERHAD,,"Menara Great Eastern 303, Jalan Ampang 50450 Kuala Lumpur",hr-my@greateasternlife.com,+603-4813 3221,
GTE GRoup,Azman Azizan,"2A-2, Lorong Tiara 1B, Bandar Baru Klang 41150 Klang, Selangor",gtegroup57@gmail.com,0333432822,
HappyFresh / ICart Malaysia Sdn. Bhd,Azira Ain,"A-11-3, Tower A, North Point Office, Midvalley City, Medan Syed Putra, 59200, Kuala Lumpur",azira.ain@happyfresh.com,018-9876596,
Hartalega,,"No.7, Kawasan Perusahaan Suria, 45600 Bestari Jaya, Selangor",recruit@hartalega.com.my,03 -8707 3000,
Hartamas Real Estate (M) Sdn Bhd,Celeste Chua,"Level 13, Block A, Menara Prima Jalan PJU 1/37 ,Dataran Prima,47301 Petaling Jaya, Selngor Darul Ehsan, Malaysia",generalhr@hartamas.com,0378395555,
Hays,Hays (Sunway),"Level 23, The Pinnacle Sunway,  Persiaran Lagoon, Bandar Sunway 47500,  Selangor, Malaysia",Sunway@hays.com.my,+603 7611 8600,
HENG HUAT RESOURCES GROUP BERHAD,HR DEPARTMENT,"No 2945 (Plot 2), Jalan Sungai Baong,  Kawasan Perindustrian Sungai Baong, Sungai Baong MK 5, 14200 Pulau Pinang, Malaysia",career@henghuat.com.my,045828777,045820451
HK GUA MUSANG SDN BHD,NOR HAFIZAH,"LOT 551, KAWASAN PERINDUSTRIAN GUA MUSANG,  BANDAR GUA MUSANG, JAJAHAN GUA MUSANG, 18300 GUA MUSANG, KELANTAN",careergm@henghuat.com.my,04-5828777,04-5820451
Honda Malaysia Sdn Bhd,,"Head Office Hicom Industrial Park Pegoh PO Box 70, 78000 Alor Gajah Melaka, Malaysia  Sales and Marketing Office P-3-1, Level 3, Pacific Towers Business Hub Jalan 13/6, Seksyen 13, 46200 Petaling Jaya Selangor, Malaysia",recruitment@honda.net.my,06-5591500 / 03-79473000,06-5591515 / 03-79473033
HONG LEONG BANK,Robert Chan,"Level 20, Menara Hong Leong No. 6, Jalan Damanlela, Bukit Damansara 50490 Kuala Lumpur",,603 2081 8901,
HSBC BANK MALAYSIA BERHAD,,"2, Leboh Ampang 50100 Kuala Lumpur",resourcing.and.onboarding.mys@hsbc.com.my,+603-2075 3000,
HUAWEI TECHNOLOGIES (MALAYSIA) SDN BHD,,"Level 19, East Wing, The ICON No. 1, Jalan 1/68F, Off Jalan Tun Razak 55000 Kuala Lumpur Malaysia",,03-2175 5550,
Huntsman Global Business Services,Michele Chan,"16th Floor, The Pinnacle, Persiaran Lagoon, Bandar Sunway 46150 Petaling Jaya, Selangor D.E.",,03-76699524,
ICAEW MALAYSIA,,"Level 2, Chulan Tower 3, Jalan Conlay 50450 Kuala Lumpur",andrew.yew@icaew.com,03-2171 6023,
iflix Sdn Bhd,,"The Playground, Suite 19.01, Level 19,  Centrepoint North, Mid Valley City, Lingkaran Syed Putra.  59200 Kuala Lumpur",,,
IHH Healthcare Malaysia,,"Pantai Medical Centre Sdn Bhd Level 6, Block A Pantai Hospital Kuala Lumpur 8, Jalan Bukit Pantai 59100 Kuala Lumpur",my.mod.careers@parkwaypantai.com,+603 2298 1000,
IHS Markit,Hui Li,"Level 7,8, 9 & 14, Bangunan KWSP 38, Jalan Sultan Ahmad Shah 10050 Penang Malaysia",,+604-2913466,
IJM CORPORATION BERHAD,,"Wisma IJM, Jalan Yong Shook Lin 46050 Petaling Jaya, Selangor",recruitment@ijm.com,03-79858288,
IMS Health Malaysia,Carolyn khaw HR Manager,Damansara uptown,hhkhaw@sg.imshealth.com,+65 6142 7339,+65 6227 5448
INTEL MALAYSIA,Intel Malaysia Recruitment Team,"1) Bayan Lepas Free Industrial Zone, Phase 3, Halaman Kampung Jawa, 11900 Penang  2) KJalan Hi-tech 3, Kulim Hi-tech Park, 09000 Kulim, Kedah",malaysia.staffing@intel.com,04 2530000,
Invention Marketing Group,Lee Chin Hong,"29-03A, Tower A, Pinnacle PJ Jalan Utara C 46200 Petaling Jaya Selangor Darul Ehsan",tinex.recruitment@gmail.com,0129206888,
J&T Express Sdn Bhd,,,,012-8253388,
Japan Pulp & Paper (M) Sdn Bhd,,"Business Suite 19A-22-1, Level 22, UOA Centre, 19 Jalan Pinang, 50450 Kuala Lumpur, Malaysia",bguan@jppm.com.my,+6-03-2181 3383,+6-03-2181 0389
Japan Tobacco International (JTI),,"6th Floor, Menara Manulife,  No 6 Jalan Gelenggang Damansara Heights,  50490 Kuala Lumpur",Malaysia.Careers@jti.com,03-20949011,
Johor Corporation,,"JOHOR CORPORATION  Level 11, Menara KOMTAR,  Johor Bahru City Centre,  80000 Johor Bahru, Johor, Malaysia.",,+607-2192692,
Juris Technologies Sdn Bhd,Elizabeth Lim,"Unit 25-01, Level 25, Tower B, The Vertical Business Suites, Bangsar South, No.8 Jalan Kerinchi, 59200 Kuala Lumpur",,03 2723 8600,
Karex Berhad,"Goh Qiau Wei , HR","Lot. 591 & 594, Persiaran Raja Lumu, Pandamaran Industrial Estate, 42000 Port Klang, Selangor, Malaysia.",,+603 3165 6688,
KAYAKU SAFETY SYSTEMS MALAYSIA SDN BHD,,"PT 12627, PT 12628 & PT 12629 Jalan TechValley 4/2 Sendayan TechValley 71950 Bandar Sri Sendayan Negeri Sembilan",,06-7817000,
Kedai Cetak,Eric Ong Shun Bin,"AS33, Jalan Hang Tuah 3 Taman Salak Selatan 57100 Kuala Lumpur",onlinekedaicetak@gmail.com,03-79800618,
KERRY GROUP,,"26th Floor Menara Zurich, No 15 Jalan Abdullah Tahir, 80300 Johor Bahru, Malaysia?",,,
KEYSIGHT,,"Phase 3,  Bayan Lepas Free Industrial Zone,  11950, Bayan Lepas,  Penang.",kar-in_cheah@keysight.com,04 6808 187,
KHAZANAH NASIONAL BERHAD,Recruitment Unit Strategic Human Capital Management,"Level 22, Mercu UEM, Jalan Stesen Sentral 5, Kuala Lumpur Sentral, 50470 Kuala Lumpur",talent.supply@khazanah.com.my,+603-2034 0000,+603-2034 0004
Kopetro,Fazilah / Hazim,"BOK C-18, MEGAN AVENUE II,12, JALAN YAP KWAN SENG,50450, KL",hrm@kopetro.com.my,03-21649434,03-21669904
KPMG IN MALAYSIA,Talent Acquisition Team,"KPMG Tower Level 10, 8 First Avenue Bandar Utama 47800 Petaling Jaya Selangor Darul Ehsan",MY-FMTALENT@KPMG.COM.MY,+603-7721 3388,
KSK Group Berhad,03 2693 1668,"Bangunan KSK, 32 Jalan Yap Ah Shak, 50300 Kuala Lumpur, Malaysia",careers@kskgroup.com,603-2693 1668,
KUMPULAN WANG PERSARAAN (DIPERBADANKAN),,"Level 36, Integra Tower,  The Intermark,  348, Jalan Tun Razak 50400 Kuala Lumpur.",youngtalents@kwap.gov.my,+603-2174 8110,03-2174 8101
KVC INDUSTRIAL SUPPLIES SDN BHD,Talent Acquisition Team,"Wisma KVC, Lot 3, Jalan P10/12, Kawasan Perusahaan Bangi, 43650 Bandar Baru Bangi, Selangor.",recruit@kvc.com.my,603-89252828,603-89255899
Lazada Malaysia,Lazada Malaysia,"Level 37, Menara UOA Bangsar 5, Jalan Bangsar Utama 1, Bangsar, 59000 Kuala Lumpur, Wilayah Persekutuan Kuala Lumpur",,018-977 7849,
LIBRA INVEST BERHAD,,Principal Office  Ground Floor  Bangunan ECM Libra  8 Jalan Damansara Endah  Damansara Heights  50490 Kuala Lumpur,nsyafeqah_ka@ecmlibra.com,03 2089 1936,
Littles (Malaysia) Sdn Bhd,,,,,
LittleWhiz Marketing Sdn Bhd,Louis Tan,28-1 Jalan Setia Perdana BE U13/BE Bandar Setia Alam Seksyen U13,marketing@littlewhiz.com,162323008,
Lotuss Stores (Malaysia) Sdn Bhd (Formerly known as Tesco Stores (M) Sdn Bhd),General Line,"Head Office, Level 3, No. 3, Jalan 7A/62A, Bandar Menjalara, 52200 Kuala Lumpur, Malaysia.",Careers.Retail@tesco.com,603 6287 6000,
Luxtag,Zana Diyana,,hr@luxtag.io,+60 3 2027 4750,
Maersk Malaysia,,"Suites C-5-6-7-8 & D-5-6-7-8, Level 6, Skypark @ One City, Jalan USJ 25/1, 47650 Subang Jaya, Selangor",hr.my@maersk.com,0380266632,
MAGIC,,,,,
Mah Sing Group,,"Wisma Mah Sing, No. 163, Jln Sungai Besi, Pudu, 57100 Kuala Lumpur, Wilayah Persekutuan Kuala Lumpur",people@mahsing.com.my,03-9221 8888,
MALAYSIA AIRLINES,,"1st Floor,  Administration Building Southern Support Zone, KLIA 64000 Sepang, Selangor",management.trainee@malaysiaairlines.com,03-877 74512,
MALAYSIA AIRPORTS HOLDINGS BERHAD,,"Malaysia Airports Corporate Office Persiaran Korporat KLIA 64000, KLIA Selangor Darul Ehsan",,03 8777 7000,
Malaysia Digital Economy Corporation (MDEC) Sdn Bhd,,Malaysia Digital Economy Corporation (MDEC) Sdn Bhd 2360 Persiaran APEC 63000 Cyberjaya Selangor Darul Ehsan,,03-8315 3000,
MALAYSIAN BIOECONOMY DEVELOPMENT CORPORATION [BIOECONOMY CORP],,"No 16,  Menara Atlan 161B, Jalan Ampang 50450 Kuala Lumpur",best@bioeconomycorporation.my,03 2116 5588,
Malaysian Resources Corporation Berhad (MRCB),,"Level 30, Menara Allianz Sentral,  No. 203, Jalan Tun Sambanthan,  Kuala Lumpur Sentral,  50470 Kuala Lumpur",mrcbrecruitment@mrcb.com,03-2786 8080,
MANAGED BY THE ASIAN BANKING SCHOOL,,"Asian Banking School, Level 3, Bangunan AICB, 10, Jalan Dato Onn, 50480 Kuala Lumpur,  Malaysia.",fstep@asianbankingschool.com,603-2701 7822,
MAPAL Malaysia Sdn Bhd,Janice Lim,"No. 3, Jalan Taming P/1, Taman Taming Jaya, Balakong 43300 Selangor Darul Ehsan.",janice.lim@mapal.com,603-8961 9196,
Mastercard,,"3 Fraser Street DUO Tower Level 17  Singapore 189352  Mastercard Asia/Pacific Pte Ltd Suite 17.1, Level 17 Menara Kencana Petroleum No. 1, Jalan Dutamas 1, Solaris Dutamas 50480 Kuala Lumpur",sonya.rosendorff@mastercard.com,+65 6390 6907,
MAXIS BERHAD,,,,03-2330 7000,
MAYBANK (MALAYAN BANKING BERHAD),,"Group Resourcing Centre Level 44, Menara Maybank 100 Jalan Tun Perak 50050 Kuala Lumpur",,+603-2070 8833,
Mazars,Mazars Malaysia,"Wisma Golden Eagle Realty 11th Floor, South Block, No, 142-A Jalan Ampang 50450 Kuala Lumpur Malaysia",,+60-3-2702-5222,
MBf Holdings Berhad,,"Level 17, Menara MBf  Jalan Sultan Ismail  50250 Kuala Lumpur Wilayah Persekutuan Malaysia",enquiries@mbfh.com.my,03-8064 4605,
MBSB Bank Berhad,Talent Acquisition Team,Damansara Heights 50490 Kuala Lumpur,careers@mbsbbank.com,603 2096 3000,
McDermott Asia Pacific Sdn Bhd,,"Level 24, Menara Hap Seng 2 No. 1 Jalan P Ramlee 50250 Kuala Lumpur Malaysia",,0328565000,0328565001
MEDIA PRIMA BERHAD,,"Group Human Resources Level 3, Anjung Riong Balai Berita,  31, Jalan Riong 59100 Kuala Lumpur",careers@mediaprima.com.my,1300 300 672 / 03 7726 6333						,
MELTWATER,,"Menara UOA Bangsar, Unit A-31-2, No.5 Jalan Bangsar Utama,",recruitment.malaysia@meltwater.com,,
Metaswitch Networks,Colleen Dietmeyer,1751 Harbor Bay Parkway Suite 125,colleen.dietmeyer@metaswitch.com,14155131456,
MIB Promotions,Manraj Singh Sandhu,"Tower A-15-03, Pinnacle Petaling Jaya, 46200 Selangor, Malaysia",manraj@mibpromotions.com,03-7931-2778,
MICPA,Eileen Grace Lee,"No. 15, Jalan Medan Tuanku, 50300 Kuala Lumpur, Malaysia",eileen.mktg@micpa.com.my,03 2698 9622,03 2698 9403
Micron Memory Malaysia,Issac,"1063, Tingkat Perusahaan 6 Kawasan Perusahaan Bebas Perai 13600 Perai, Pulau Pinang",,04-506 3810,
MICROSOFT MALAYSIA SDN. BHD,,Menara 3 Petronas Persiaran KLCC Kuala Lumpur City Centre 50088 Kuala Lumpur,uni-apac@microsoft.com,+603 2179 6838,
MIDF,,"Level 21,  Menara MIDF 82, Jalan Raja Chulan 50200 Kuala Lumpur",,03 21738888 (ext 8864 /1859),03 21738866
MMC CORPORATION BERHAD,,"Ground Floor, Wisma Budiman, Persiaran Raja Chulan, 50200 Kuala Lumpur.",career@mmc.com.my						,03 2071 1000						,
Modkha Group,HR,"Block 18, Lingkaran Cyber Point Timur, Cyber 12, 63000 Cyberjaya, Selangor, Malaysia",,+603-88007700,+603-88007711
Mondelez,,"Level 9, 1 First Avenue 2A, Dataran Bandar Utama, Bandar Utama Damansara, 47800 Petaling Jaya.",,,
Murni Discovery,Dan,"No.10, Jalan PJS 6/6b,  Desa Mentari, 46150 Petaling Jaya, Selangor",talent@murnidiscovery.com,60374992259,
MY Gogoprint Sdn. Bhd.,,,info@gogoprint.com,+6015 4840 8963,
MYS Education Review,Ms. Lee,,talent@edureviews.com,018-9778277,
MYWiT Initiative,,,,,
NAZA MOTOR TRADING SDN BHD,,,,,
Nestlé Malaysia,,"22-1, 22nd Floor Menara Surian 1, Jalan PJU 7/3 Mutiara Damansara 47810 Petaling Jaya, Selangor",,03 7965 6000,
Nexasoft Sdn Bhd,Mohd Hezri Amir,"2A-3 Jalan PJS 8/6,  Sunway Mentari,Petaling Jaya, 46150 Selangor, Malaysia",info@nexasoft.my,+603-56133770,+603-56133771
Ninja Van,,"Level 14, Wisma Consplant 1, Jalan SS16/4, 47500 Subang Jaya, Selangor Darul Ehsan",support_my@ninjavan.co,03-56137629,
NIRO CERAMIC GROUP,Chloe Chin,"Lot 2, Persiaran Sultan, section 15, 40200 Shah Alam, Selangor",,0350339333,
Nottingham University Malaysia Jobs Pavilion,Career Advisory Service,"University of Nottingham Malaysia Jalan Broga, 43500 Semenyih Selangor Darul Ehsan Malaysia",,+6 (03) 8924 8000,+6 (03) 8924 8001
OCBC BANK (MALAYSIA) BERHAD,General Line,"OCBC Bank (M) Berhad, Menara OCBC, 18 Jalan Tun Perak 50050 Kuala Lumpur",,03-20345034,03-20260837
Ormond Group,,"Ground Floor, Bangunan ECM Libra,  8 Jalan Damansara Endah,  50490 Kuala Lumpur, Malaysia",graduaterecruitment@ormondhotels.com,03-2082 5799,
OSRAM OPTO SEMICONDUCTORS,Nurfathin Mohd Noor,"Bayan Lepas Free Industrial Zone,  11900 Penang,  Malaysia.",nurfathin.noor@osram-os.com,04 631 8258,04 643 4063
Panasonic Appliances Air-Conditioning Malaysia Sdn. Bhd.,Conditioning Malaysia Sdn. Bhd.,"Lot 2, Persiaran Tengku Ampuan, Shah Alam Industrial Site, Section 21, 40300 Shah Alam,  Selangor",,03-58914040,
Pembangunan Sumber Manusia Berhad (PSMB),Mohd Norkhaireez Bin Khairudin,"Wisma HRDF, Jalan Beringin, Damansara Heights, 50490 Kuala Lumpur",recruitment@hrdf.com.my,03-20964939,
PENGURUSAN AIR SELANGOR SDN BHD,,Air Selangor Head Office Jalan Pantai Baharu 59200 Kuala Lumpur,recruitment@airselangor.com,03 - 2088 5400,
Perbadanan Insurans Deposit Malaysia (PIDM),,"Level 12, Axiata Tower, No. 9, Jalan Stesen Sentral 5, Kuala Lumpur Sentral 50470 Kuala Lumpur",hc@pidm.gov.my,03 - 21737514 / 7539,
PERMODALAN NASIONAL BERHAD,,"35th Floor, Menara PNB 201-A Jalan Tun Razak 50400 Kuala Lumpur",recruit@pnb.com.my,+603-2050 5100,
PERODUA AUTO CORPORATION SDN BHD,,"Sg Choh, Locked Bag 226 48009 Rawang Selangor",hr@perodua.com.my,+603-6092 8888 / 03 6733 8888,
PERSATUAN INSURANS AM MALAYSIA (PIAM),Human Resource,"Level 3, Wisma PIAM, 150 Jalan Tun Sambanthan 50470, KL",talent@piam.org.my,03-22747399,03-22745910
PETRON MALAYSIA,PetronMY_HR Recruitment,Level 10 Menara I&P 1 No 46 Jalan Dungun Damansara Heights 50490 KL,career@petron.com.my,03-20828400,
PETRONAS Lubricants International Sdn Bhd,,"PETRONAS LUBRICANTS INTERNATIONAL SDN BHD Level 26, Integra Tower The Intermark, 348 Jalan Tun Razak 50400 Kuala Lumpur, MALAYSIA",,03-23014065,
PHARMANIAGA BERHAD,Human Capital Management,"No 7, Lorong Keluli 1B Kawasan Perindustrian Bukit Raja Selatan Seksyen 7 40000 Shah Alam Selangor Darul Ehsan",recruitment@pharmaniaga.com,03-3342 9999,03-3341 7777
Pheim Unit Trusts Berhad,Melvin Loong,"7th Floor, Menara Hap Seng, Jalan P. Ramlee, 50250 Kuala Lumpur",melvin.loong@pheim.com.my,0321428888,
PHILIP MORRIS (MALAYSIA) SDN BHD,,"16th Floor,  Menara Milenium 8, Jalan Damanlela Bukit Damansara 50490 Kuala Lumpur",HRMalaysia@pmi.com						,03 2080 5600						,
PIKTOCHART,Quah Shen Dee,/cdn-cgi/l/email-protection,careers@piktochart.com						,04 6116694						,
Plato Capital Limited,,"8 Jalan Damansara Endah Ground Floor, East Wing Bangunan ECM Libra  Bukit Damansara 50490 Kuala Lumpur",graduaterecruitment@platocapital.com,03 2092 2002,
Prestariang Systems Sdn Bhd (TalentXchange),,"Prestariang 70-73, Neocyber  Lingkaran Cyber Point Barat  63000 Cyberjaya  Selangor, Malaysia",support@talentxchange.my,013 - 471 0474,
PRUDENTIAL ASSURANCE MALAYSIA BERHAD,,"PRUDENTIAL ASSURANCE MALAYSIA BERHAD Level 20, Menara Prudential, Persiaran TRX Barat 55188 Tun Razak Exchange Kuala Lumpur",career@prudential.com.my,+603-2778 3888,
Public Bank Berhad,,"Human Capital Management Menara Public Bank, 146 Jalan Ampang, 50450 Kuala Lumpur, Wilayah Persekutuan Kuala Lumpur, Malaysia.",hrd@publicbank.com.my,+603-21766000,
PwC,Graduate Recruiter,"Level 10, 1 Sentral,  Jalan Rakyat,  Kuala Lumpur Sentral,  50706, Kuala Lumpur,  MALAYSIA",my_recruitment@pwc.com,+603-2173 1188,
RBC Investor & Treasury Services,,"Cyberjaya Office: Wisma RBC, Block 3544 Persiaran Apec 6300 Cyberjaya Selangor, Malaysia  Kuala Lumpur office: Level 13, Menara 1 Sentrum  No.201, Jalan Tun Sambathan  50470 Kuala Lumpur, Malaysia",grpoffice@rbc.com,+603-8686 3888,
Red Point Signcraft Sdn Bhd,,"Plot 66, Lorong Perusahaan Maju 6, Prai Industrial Estate IV 13600 Penang Malaysia",hr@redpoint.com.my,,
Reload Media Sdn Bhd,Ten Yi Hao,"One South Seri Kembangan Selangor, Malaysia",hire@reload-media.com,+60169698881,
Rentwise Sdn Bhd,Agnes Soo,"Lot 9-Unit A1, Natco Industrial Park, Lorong Keluli 1B, Kawasan Perindustrian Bukit Raja Selatan, Seksyen 7",,03-3341 6552,
RESORT WORLD GENTING,Human Resources Department,"Genting Highlands Resort, 69000 Genting Highlands, Pahang Darul Makmur",wewantyou@rwgenting.com,+603 - 6105 2626,+603 - 6105 2526
RHB BANKING GROUP,Talent Acquisition & Manpower Planning,"Talent Acquisition & Manpower Planning, Group Human Resource, Level 8, Tower One, RHB Centre, Jalan Tun Razak, 50400 Kuala Lumpur",career@rhbgroup.com,+603-9280 2840,03 9281 2935
ROBERT BOSCH SDN BHD,,"No. 8A, Jalan 13/6, 46200 Petaling Jaya, Selangor Malaysia",,,
ROCHE SERVICES (ASIA PACIFIC) SDN BHD,Christina Anthony,"Level 5, The Pinnacle Persiaran Lagoon, Bandar Sunway 47500 Subang Jaya Selangor Darul Ehsan",,+603 -7628 6241,
Rohde & Schwarz Technologies,Christine Vasco,PLO 227 Jalan Kencana Mas 2 Kawasan Perindustrian Tebrau III 81100 Johor Bahru,christine.vasco@rohde-schwarz.com,+65 63070000,
S P Setia Bhd,,"S P Setia Bhd Corporate HQ,  No 12, Persiaran Setia Dagang,  Setia Alam, Seksyen U13,  40170 Shah Alam,  Selangor.",recruitment@spsetia.com,03 3348 2255,
S.E.H. (Shah Alam) Sdn Bhd,Human Resource Management,"S.E.H. (Shah Alam) Sdn Bhd, Jalan Sementa 27/91, Taman Bunga Negara, Shah Alam Selangor",,+603-51237016,
Samsung Malaysia Electronics,,"Level 15, Mercu 2 No 3, Jalan Bangsar KL Eco City 59200 Kuala Lumpur",hrsme.kl@samsung.com,03 2728 0000,
Sapura Energy,,/cdn-cgi/l/email-protection,careers@sapuraenergy.com,+603-8659 8800,
Schlumberger,,"First Avenue, Bandar Utama,  47800 Petaling Jaya,",sea-recruitment@slb.com,+603-7724 8688,
SCHLUMBERGER MALAYSIA GROUP OF COMPANIES,,,,,
SECURITIES COMMISSION MALAYSIA (SC),,"No. 3, Persiaran Bukit Kiara, Bukit Kiara, 50490 Kuala Lumpur",,603 6204 8868 / 8385,
Securities Industry Development Corporation,,"Securities Industry Development Corporation  3, Persiaran Bukit Kiara, Bukit Kiara, 50490 Kuala Lumpur, Malaysia.",sidc@sidc.com.my,603 6204 8667,
Sellbytel Group Kuala Lumpur,0327875800,"SELLBYTEL Services Malaysia Sdn. Bhd. Unit 25-07 The Integra Tower, Level 25, The Intermark, Jalan Tun Razak 182 50400 Kuala Lumpur.",recruitment.apac@sellbytel.com,0327875800,
SENDAYU TINGGI BEAUTY & HEALTH (M) SDN BHD,NADIRAH,"No. 366, Jalan Tuanku Abdul Rahman, 50100 Kuala Lumpur.",hr_nadirah@sendayutinggi.com,03-26935133,
Shell Business Operations Kuala Lumpur,,"Wisma Shell,  3450, Jalan Teknokrat 3,  63000 Cyberjaya, Selangor,  Malaysia",,+60 3-8316 8888,
Shell Malaysia,,Menara Shell 211 Jalan Tun Sambanthan 50470 Kuala Lumpur,,+603 23858888,
Shopee Malaysia,,"Level 25, Southpoint Mid Valley City, Lingkaran Syed Putra 59200 Kuala Lumpur, Malaysia",,+603 2298 9299,
Shopper360 Sdn Bhd,Lee Han Sern,"505 5th Floor, Block A Phileo Damansara 2, 15 Jalan 16/11, 46350 Petaling Jaya, Selangor Darul Ehsan Malaysia.",hs.lee@shopper360.com.my,+603 7955 1100,
Siemens Malaysia Sdn Bhd,,"Siemens Malaysia Sdn Bhd Level 1 Reception, CP Tower, No 11, Jalan 16/11, Pusat Dagang Seksyen 16, 46350. Petaling Jaya, Selangor Darul Ehsan. Malaysia.",,03-7952 5555,03-7952 5045
SIME DARBY BERHAD,,Level 8 Menara Sime Darby Oasis Corporate Park Jalan Pju 1A/2 Ara Damansara,,03 7623 2000,
Sime Darby Oils,Talent Management,"Sime Darby Oils  Level 6 & 7, Main Block, Plantation Tower, No. 2, Jalan PJU 1A/7, Ara Damansara, 47301, Petaling Jaya, Selangor Darul Ehsan, Malaysia",recruitment@simedarbyoils.com,03-78484000,
Sime Darby Plantation,,,,03-7848 4000,
SIME DARBY PROPERTY,,"Level 10, Block G No.2, Jalan PJU 1A/7A Ara Damansara 47301 Petaling Jaya Selangor Darul Ehsan Malaysia",,+603 -7849 5000,
SIRIM Bhd,,,web@sirim.my,03-5544 6000,
SMALL MEDIUM ENTERPRISE DEVELOPMENT BANK MALAYSIA BERHAD (SME BANK),,"MENARA SME BANK, JALAN SULTAN ISMAIL 50774 KUALA LUMPUR MALAYSIA",hrrecruitment@smebank.com.my,03-26152020,
SmartPeep Sdn Bhd,Aieshah Binti Mohd Rifen,"No 26-01 Jalan Kempas 1A, Bandar Baru Kota Puteri 81750 Masai",aieshah@smartpeep.ai,0189799355,
Sony EMCS (Malaysia) Sdn Bhd,,"Lot 5, Jalan Kemajuan, Bangi Industrial Estate, 43650 Bandar Baru Bangi, Selangor",Career.kl@ap.sony.com,03-89137200,
Sri Kota Specialist Medical Centre,LY.Lee,Jalan Mohet,leely@srikotamedical.com,333757799,
Standard Chartered Bank,,,,03 2781 7393,
Standard Chartered Global Business Services Sdn Bhd,Shantini Asohan,"Jalan Teknologi 8, Taman Teknologi Malaysia 57000 Bukit Jalil,",Shantini.Asohan@sc.com,603-8602 8001,
StashAway Malaysia,Rebecca Koay,"StashAway Malaysia Plaza Equatorial, Level 18 Jalan Sultan Ismail 50250 Kuala Lumpur",,03-92128536,
STGW Solution,Venice,"Lot 17-7, Tower B, Avenue 3, Vertical Business Suite II, Jalan Kerinchi, Bangsar South, 59200, Kuala Lumpur.",hr@stgwsolution.com,03 22422606,
StrongByte Studio Sdn Bhd,Tung,"A-1-37, IOI Boulevard, Jalan Kenari 5, Bandar Puchong Jaya, 47170 Selangor",tung@strongbytestudio.com,03-86008735,
Sun Life Malaysia Assurance Berhad,,"Sun Life Malaysia Assurance Berhad Level 11, 338 Jalan Tuanku Abdul Rahman, 50100 Kuala Lumpur, Malaysia",karishma.kour@sunlifemalaysia.com,03-26123796,
Sunway Integrated Properties Sdn Bhd,Ms. Teo Sulwen (Human Resources),,teos@sunway.com.my,03 -5639 9282,
SURUHANJAYA PENGANGKUTAN AWAM DARAT (SPAD),,"Suruhanjaya Pengangkutan Awam Darat (SPAD) Block D, Platinum Sentral Jalan Stesen Sentral 2 Kuala Lumpur Sentral 50470 Kuala Lumpur",career@spad.gov.my,03-2726 7258/7139,
Synthomer,,"Level 16, Wisma UOA Damansara II, No. 6, Changkat Semantan, Damansara Heights, 50490 Kuala Lumpur",career.asia@synthomer.com,03 2080 7200,03 2080 7300
Taiko Marketing Sdn Bhd,Carmen,"B2-6-01 Block B2, Meritus @ Oasis Corporate Park, No.2, Jalan PJU 1a/2, Ara Damansara, 47301 Petaling Jaya, Selangor",carmen.lim@taikogroup.net,03-76246072,
TalearnX,Adrian Hong,"Levels 16, Boutique Office 1(BO1-D), Menara 2, No. 3, Jalan Bangsar, Kampung Haji Abdullah Hukum, 59200 Kuala Lumpur",adrian.hong@talearnx.com,0122366380,
TAN CHONG GROUP,,"No. 62-68, Jalan Sultan Azlan Shah 51200 Kuala Lumpur",careers@tanchonggroup.com,012-9882815,
TAYLOR'S EDUCATION GROUP,,"No. 1 Jalan Taylor's 47500 Subang Jaya, Selangor Darul Ehsan",raykokseong.low@taylors.edu.my						,03 7875 1311						,
TDCX,,"Level 9, Axiata Tower No.9 Jalan Stesen Sentral 5 Kuala Lumpur Sentral 50470 Kuala Lumpur, Malaysia",myhrta@tdcx.com,0327318888,
Teach For Malaysia,,"1st Floor Bangunan Ming Annexe 9, Jalan Ampang 50450 Kuala Lumpur Federal Territory of Kuala Lumpur, Malaysia",recruitment@teachformalaysia.org,603-2026 0700,
TechnipFMC,,"Wisma TechnipFMC 241 Jalan Tun Razak 50400, Kuala Lumpur, Malaysia",,03 2116 7888,
TELEKOM MALAYSIA BERHAD,https://tmcareer.tm.com.my/,Telekom Malaysia Berhad Menara TM Jalan Pantai Baharu 50672 Kuala Lumpur,,-,-
TENAGA NASIONAL BERHAD,,"129, Jalan Bangsar 59200 Kuala Lumpur",,+603 2296 6145,
TEXAS INSTRUMENTS ELECTRONICS MALAYSIA,Kelly Wee,Batu Berendam Free Trade Zone 75350 Melaka,kelly.wee@ti.com,06 251 5600,
The Association of Accredited Advertising Agents Malaysia,Kandesh,"Unit 706, Block B, Pusat Dagangan Phileo Damansara 1, No. 9, Jalan 16/11 Off Jalan Damansara, 46350 Petaling Jaya.",kandesh@macomm.com.my,03-76608535,
The Boston Consulting Group Sdn Bhd,Michelle Tan ([email protected]),"Level 28, Menara IMC No.8 Jalan Sultan Ismail 50250 Kuala Lumpur, Malaysia",BCGKL_Recruiting@bcg.com,603 2688 5000,
The Center of Applied Data Science (CADS),,,,03-2732 2751,
THE NIELSEN COMPANY,,"Level 16, Sunway Geo Tower Jalan Lagoon Selatan Sunway South Quay Bandar Sunway 47500 Selangor",careers.malaysia@nielsen.com,03 7940 9000,
Thinkat Advisory Sdn Bhd,,C-2-4 Plaza Damas 60 Jalan Sri Hartamas 1 Sri Hartamas 50480 Kuala Lumpur,,03-6211 8812/8813,
TIME dotCom Berhad,,"TIME dotCom Bhd No. 14, Jalan Majistret U1/26 HICOM Glenmarie Industrial Park 40150 Shah Alam, Selangor, Malaysia",recruitment@time.com.my,03-5039 3000,
TNB INTEGRATED LEARNING SOLUTION - ILSAS,,,,03-89227222,
TOKIO MARINE LIFE INSURANCE MALAYSIA BHD,,"Menara Tokio Marine Life 189, Jalan Tun Razak 50400 Kuala Lumpur",recruit@tokiomarinelife.com.my,603 2059 6188,
TOP GLOVE CORPORATION BERHAD,,"Factory 9, Lot 4969, Jalan Teratai Batu 6 Off Jalan Meru 41050 Klang Selangor",career@topglove.com.my,03 3392 2036,
TORRECID MALAYSIA SDN BHD,NURAMALINA RAMLAN,"NO 6, JALAN SELATAN 11/1, KAWASAN PERINDUSTRIAN SELATAN, MUKIM TEBRAU, 81300 JOHOR BAHRU, JOHOR",amalina.my@torrecid.com,07 562 5313,07 562 5316
Touch ‘n Go Group,Michelle Lee / Ali Idros,"Tower 6, Avenue 5, Bangsar South,  No 8 Jalan Kerinchi, 59200 Kuala Lumpur, Wilayah Persekutuan",mycareer@tngdigital.com.my,03-2714 8000,03-2714 8035
Trapo Marketing Sdn Bhd,Steven Goh,"Level 40, WeWork, Mercu 2, No.3, Jalan Bangsar, KL Eco City, 59200 Kuala Lumpur, Federal Territory of Kuala Lumpur",,0126388267,
Trapper Media Services (M) Sdn. Bhd.,Gloria Teo,"3A-22 & 22A, Jalan PJU 8/3, Perdana Business Centre, Damansara Perdana, 47820 Petaling Jaya, Selangor",info@trappergroup.com,03-7728 5089,
Traveloka Sdn Bhd,,"Level 14 Menara 2 Menara Kembar Bank Rakyat 33 Jalan Rakyat, Brickfields 50470 Kuala Lumpur.",careers_my@traveloka.com,03-2262 5999,
Truecapital Asia Sdn Bhd,Mahdi Aljunied,"D 11-8, Menara Mitraland, No.13A, Jalan PJU 5/1, Kota Damansara, 47810 Petaling Jaya, Selangor",truecapitalasia@gmail.com,03 - 7890 0071,
Tulips Movement,Badrie Abdullah,,tulipsmovement@gmail.com,0173691386,
Tune Hotels,Samantha,"2nd Floor, West Wing, Bangunan ECM Libra No 8, Jalan Damansara Endah Damansara Heights 50490 Kuala Lumpur",samantha.thng@tunehotels.com,03-20825646,
U Mobile Sdn Bhd,Teresa Lee,"U Mobile Sdn Bhd  Lot 11.01, Level 11, East, Berjaya Times Square, 1, Jalan Imbi, 55100 Kuala Lumpur",,018-2009090,
UEM GROUP BERHAD,,"17-2, Mercu UEM Jalan Stesen Sentral 5 Kuala Lumpur Sentral 50470 Kuala Lumpur",ghr.recruitment@uemnet.com,03-2727 6921,03-2727 2215
UMW Holdings Berhad,,"Menara UMW, Jalan Puncak, Off Jalan P Ramlee, 50250 Kuala Lumpur",recruitment@umw.com.my,+603 2025 2025,+603 2025 2026
Unilever (Malaysia) Holdings SDN BHD,,"Levels 33-35, Menara TM Jalan Pantai Baharu 59200 Kuala Lumpur",,03 - 2246 2721,
UNIQLO (MALAYSIA) SDN BHD,,,,-,
United Kingdom Education Centre (UKEC),Boon Chuan Sai,"United Kingdom Education Centre (UKEC) Unit 7B, Nadayu 28 Dagang,  Jalan PJS 11/7, Bandar Sunway, 47500, Subang Jaya, Selangor, Malaysia",,03 - 5612 7213,
United Overseas Bank (Malaysia) Bhd,,"Level 21, Vista Tower The intermark 348 Jalan Tun Razak 50400 Kuala Lumpur",,03 2787 5255,
Valiram,Audrey Lee,"Level 19, Wisma UOA 2, 21, Jalan Pinang, 50450 Kuala Lumpur, Malaysia",audrey.lee@valiram.com,03-23809888,
Vinda Group SEA,Southeast Asia HQ,"No 2A, Jalan Pelabur 23/1,  Seksyen 23, 40300 Shah Alam,  Selangor, Darul Ehsan",seacareer@vinda.com,03-5521 7488,
"WESTERN DIGITAL, SANDISK STORAGE MALAYSIA",,"PLOT 301 A, PERSIARAN CASSIA SLEATAN 1, TAMAN PERIDUSTRAN BATU KAWAN, MK 13, BAUT KAWAN, 14100, SEBERANG PRAI SELATAN, PENANG",staffing.sdsm@sandisk.com,04-5039100,
Westports Sdn Bhd,Aaron Victor,"Human Resources Department Westports Malaysia Sdn Bhd 5th Floor, Tower Block, P.O. Box 266, Pulau Indah, 42009 Port Klang Selangor Darul Ehsan Tel: 03-3169 4000 Fax: 03-3169 4101",aaron@Westports.com.my,603 - 3169 4000,
WOK HEY,,"55 Serangoon North Ave 4, S9  #07-07 Singapore 555859",hr@wokhey.sg,(65)93635195,
Yayasan Sime Darby,,,,+603-7623 7111,
Yinson Holdings Berhad,HR Department,"Yinson Holdings Berhad 199301004410 (259147-A) Level 16, Menara South Point,  Mid Valley City, Medan Syed Putra Selatan, 59200 Kuala Lumpur",leap@yinson.com,03-2289 3888,
