id,title,channel,url,published_date,description,skills
-0WQnwNFqJM,AI learns to Speedrun QWOP using Machine Learning,Wesley Liao,https://youtube.com/watch?v=-0WQnwNFqJM,2021-02-26T01:49:53Z,UPDATE: AI was able to surpass the World Record in my new video: https://youtu.be/82sTpO_EpEc AI bot learns to play QWOP like a human and achieves a top ...,Artificial Intelligence (AI); Github; Imitation Learning; Machine Learning; Play; Reinforcement Learning; Video; Youtube
-JWgi9jupmU,Learn Data Science Online with DataCamp!,DataCamp,https://youtube.com/watch?v=-JWgi9jupmU,2020-10-21T13:49:49Z,Start learning today: https://www.datacamp.com.,Data Science
-q3d3lD0fFM,Elon Musk Says AI Will Take Over in 5 Years-How Neuralink Will Change Humanity,Tech Flake,https://youtube.com/watch?v=-q3d3lD0fFM,2021-03-05T01:19:30Z,Elon Musk Says AI Will Take Over in 5 Years - How Neuralink Will Change Humanity Musk has consistently warned us of the existential threat posed by ...,Artificial Intelligence (AI); Youtube
0MNVhXEX9to,Reinforcement Learning: Machine Learning Meets Control Theory,Steve Brunton,https://youtube.com/watch?v=0MNVhXEX9to,2021-02-12T11:00:00Z,"Reinforcement learning is a powerful technique at the intersection of machine learning and control theory, and it is inspired by how biological systems learn to ...",Algorithm; Decision Process; Machine Learning; Mathematics; Reinforcement Learning; Twitter; Video
0PrOA2JK6GQ,Machine Learning Explicado,Ci√™ncia Todo Dia,https://youtube.com/watch?v=0PrOA2JK6GQ,2021-02-25T17:01:36Z,"Machine learning (ou aprendizado de m√°quina) √© um dos termos mais quentes no mundo atual. A ideia √© simples: fazer m√°quinas aprenderem, assim como ...",Instagram; Machine Learning; Twitter; Youtube
0oyCUWLL_fU,Practical Deep Learning for Coders - Full Course from fast.ai and Jeremy Howard,freeCodeCamp.org,https://youtube.com/watch?v=0oyCUWLL_fU,2020-10-21T13:01:15Z,Practical Deep Learning for Coders is a course from fast.ai designed to give you a complete introduction to deep learning. This course was created to make ...,Application Programming Interface (API); Artificial Intelligence (AI); Deep Learning; Ethics; Free Hand; Github; Golang; Google Colaboratory; Gradient Descent; Jupyter; Links; Machine Learning; Natural Language Processing (NLP); News; Platform; Python; Research; Video; Youtube
0yCJMt9Mx9c,How does artificial intelligence learn? - Briana Brownell,TED-Ed,https://youtube.com/watch?v=0yCJMt9Mx9c,2021-03-11T16:01:36Z,"Explore the three major methods of machine learning, which allows computers to write their own rules to problem solve and process data. -- Today, artificial ...",Array; Artificial Intelligence (AI); Deep Learning; Facebook; Instagram; Machine Learning; Music; Newsletters; Rapid-Application Development (RAD); Twitter; Video
1Pql2nNR80k,Elon Musk on Artificial Intelligence (and the Basics of AI) ‚Äì Documentary,Venture City,https://youtube.com/watch?v=1Pql2nNR80k,2020-10-17T15:30:01Z,This mini documentary takes a look at Elon Musk and his thoughts on artificial intelligence. Giving examples on how it is being used today - from Tesla cars to ...,Artificial Intelligence (AI); Computer Vision; Ethics; Facebook Ads; Golang; Instagram; Links; Machine Learning; Natural Language Processing (NLP); Pattern Recognition; Research; Robotics; Speech Recognition; Testing; Video
1vsmaEfbnoE,Detailed Roadmap for Machine Learning | Free Study Resources | Simply Explained,Apna College,https://youtube.com/watch?v=1vsmaEfbnoE,2021-06-07T16:56:35Z,Telegram: https://t.me/apnikakshaofficial Instagram: https://www.instagram.com/dhattarwalaman/ Resources of this Lecture ...,Instagram; Machine Learning; Telegram
34r9OwjysDM,My Data Science Journey with Non-Tech Background,Sundas Khalid,https://youtube.com/watch?v=34r9OwjysDM,2021-07-26T06:43:57Z,"Hi friends, I am sharing my transition to data science with non-tech background as well as my experience working at Amazon and Google. If you have any ...",Blogging; Data Science; Instagram; Video; Youtube
3NR3RDedd5w,Comprendre la raret√© des m√©taux rares | Data Science | ARTE,ARTE,https://youtube.com/watch?v=3NR3RDedd5w,2021-06-21T07:20:53Z,"Dans cet √©pisode de Data Science, on se penche sur les m√©taux rares, nouvel or noir des technologies modernes, des composants omnipr√©sents dans nos ...",Data Science; Facebook; Instagram; Pascal; R; Twitter; Youtube
3xYclKkBvUQ,ISRO Launched Machine Learning Deep Learning Free Course With Certificate | IIRS ISRO Certification,Seed IT Solution,https://youtube.com/watch?v=3xYclKkBvUQ,2021-06-06T08:45:27Z,ISRO Launched Machine Learning Deep Learning Free Course With Certificate | IIRS ISRO Certification. Free Skillzcafe 20000+ Premium Online ...,Artificial Intelligence (AI); Data Science; Deep Learning; Hindi; Machine Learning; Microsoft Access; Python; Telegram; Video
41Clrh6nv1s,How I Would Learn Data Science in 2021 (What Has Changed?),Ken Jee,https://youtube.com/watch?v=41Clrh6nv1s,2020-12-19T14:00:01Z,"In this video, I talk about how I would learn data science if I had to start again from scratch in 2021. Learning data science and machine learning is a little bit ...",Blogging; C; Data Science; Github; LinkedIn; Links; Machine Learning; Medium; Newsletters; Sports; Statistics; Twitter; Video; Youtube; jQuery
4GwAT9rz6GU,Learn Data Science Online!,DataCamp,https://youtube.com/watch?v=4GwAT9rz6GU,2020-10-21T13:55:43Z,Start learning today: https://www.datacamp.com.,Data Science
5LBA2kuzxoM,World‚Äôs First Artificial Intelligence War Israel Vs Hamas Conflict,World Affairs,https://youtube.com/watch?v=5LBA2kuzxoM,2021-05-31T06:11:00Z,"IsraelPalestineConflict #Israel #GazaStrip #World_Affairs #Prashant_Dhawan In this video lecture, Prashant Dhawan brings you ""World's First Artificial ...",Android; Artificial Intelligence (AI); Microsoft Access; Video; Youtube; iOS
5q87K1WaoFI,Computer Scientist Explains Machine Learning in 5 Levels of Difficulty | WIRED,WIRED,https://youtube.com/watch?v=5q87K1WaoFI,2021-08-18T16:00:08Z,"WIRED has challenged computer scientist and Hidden Door cofounder and CEO Hilary Mason to explain machine learning to 5 different people; a child, teen, ...",Android; Innovation; Machine Learning; Newsletters; Video; Youtube
5tvmMX8r_OM,MIT Introduction to Deep Learning | 6.S191,Alexander Amini,https://youtube.com/watch?v=5tvmMX8r_OM,2021-02-05T18:00:11Z,"MIT Introduction to Deep Learning 6.S191: Lecture 1 *New 2021 Edition* Foundations of Deep Learning Lecturer: Alexander Amini For all lectures, slides, and ...",Deep Learning; Gradient Descent; Instagram; Neural Network; Perceptron; Training; Twitter
6uE4nfFgc5Q,Complete Roadmap To Learn Machine Learning (PDF Included),CodeWithHarry,https://youtube.com/watch?v=6uE4nfFgc5Q,2021-01-19T15:27:16Z,"In this video, we will look into a parallel conquering technique to learn machine learning from scratch. This video will teach you how to learn machine learning for ...",Algebra; Algorithm; Big Data; Blogging; C; Data Science; Django; English; Facebook Ads; Hindi; Instagram; JavaScript; Machine Learning; PHP; Programming; Python; Social Media; Twitter; Video; Youtube
7HPwo4wnJeA,Image classification using CNN (CIFAR10 dataset) | Deep Learning Tutorial 24 (Tensorflow &amp; Python),codebasics,https://youtube.com/watch?v=7HPwo4wnJeA,2020-10-24T13:30:10Z,In this video we will do small image classification using CIFAR10 dataset in tensorflow. We will use convolutional neural network for this image classification ...,Accuracy; Artificial Neural Network (ANN); Classification; Convolutional Neural Network (CNN); Convolutional Neural Network (ConvNet); Dataset; Deep Learning; Facebook; Github; Image; Keras; LinkedIn; Machine Learning; Python; TensorFlow; Twitter; Video; Youtube
7Lmz5iR8Is8,First Ever HIRE then TRAIN Program in Data Science | Data Science Leaders Program - Univ.AI | Teaser,Univ.AI,https://youtube.com/watch?v=7Lmz5iR8Is8,2021-08-17T18:53:55Z,First Ever HIRE then TRAIN Program for Data Science | Data Science Leaders Program The Data Science Leaders Program gives high-achieving candidates a ...,Artificial Intelligence (AI); Consulting; Data Science; Facebook; Healthcare; Instagram; Insurance; LinkedIn; Machine Learning; Research; Social Media; Twitter
9jA0KjS7V_c,Complete Road Map To Prepare For Deep Learningüî•üî•üî•üî•,Krish Naik,https://youtube.com/watch?v=9jA0KjS7V_c,2020-10-01T14:58:36Z,In this video I am going to discuss about the complete road map to prepare for deep learning which will be definitely helpful for preparing for interviews Complete ...,Architecture; Artificial Intelligence (AI); Coding; Competition; Data Science; Deep Learning; Docker; Documentation; Editor; Facebook; Feature Engineering; Instagram; Machine Learning; MongoDB; MySQL; Natural Language Processing (NLP); PyTorch; Python; Streaming; Telegram; Twitter; Video; Youtube
9jkRcrM6XKA,&quot;I Tried To Warn You&quot; - Elon Musk LAST WARNING (2021),Elon Musk Zone,https://youtube.com/watch?v=9jkRcrM6XKA,2021-07-20T10:55:39Z,Become a MUSK FAN & get access to perks: https://www.youtube.com/channel/UCXAWX5r69jcqPTNAhXCSA7Q/join Get Elon Musk Merch on ...,.NET Framework; Artificial Intelligence (AI); Email; Epic; Facebook; Golang; Hardware; Innovation; Instagram; Links; Microsoft Access; Publishing; R; TikTok; Trade; Twitter; Video; Youtube
AQNBO6WbQo8,&quot;I Tried To Warn You&quot; | Elon Musk&#39;s Last Warning (2021),Inner Vision,https://youtube.com/watch?v=AQNBO6WbQo8,2021-08-18T19:01:39Z,"""I Tried To Warn You"" | Elon Musk's Last Warning (2021) üõéÔ∏è For more mind-opening and motivation videos please subscribe to our channel: ...",Artificial Intelligence (AI); Facebook; Innovation; Video
Axu4tJl8gbM,How to learn data science in 2021 (the minimize effort maximize outcome way),Tina Huang,https://youtube.com/watch?v=Axu4tJl8gbM,2020-12-26T20:00:01Z,"In this video, I cover how to learn data science in 2021 - the minimize effort and maximize outcome way! If you're committed to learning data science in 2021, ...",Data Science; Email; LinkedIn; Links; Machine Learning; Programming; Rally; Sales; Software Engineering; Structured Query Language (SQL); Video; Visualization; Youtube
B4hSMlPnFC0,"Data Science For Beginners | Career In Data Science - Imaad Khan, Data Scientist | upGrad Grassroots",upGrad,https://youtube.com/watch?v=B4hSMlPnFC0,2021-03-10T13:31:22Z,What role does Data Science play in the real world? Watch the 2nd episode of upGrad Grassroots and explore a career in Data Science with Imaad Mohamed ...,Collaboration; Competition; Data Science; Economics; Facebook; Instagram; Law; LinkedIn; Microsoft Access; Platform; Play; Python; Statistics; Technology Management; Twitter; Video; Youtube
BEKXRqqgHCw,Get a JOB w/ Google Data Analytics Certificate?!? (ft. Certificate Holders),Luke Barousse,https://youtube.com/watch?v=BEKXRqqgHCw,2021-07-01T04:15:47Z,"Google Data Analytics Certificate https://lukeb.co/GoogleCert In this video, we hear feedback from four recent Google data analytic certificate graduates on ...",Business Intelligence (BI); Creatio; Data Analytics; Data Science; Facebook; Instagram; Links; Market Research; Microsoft Power BI; Python; R; Social Media; Structured Query Language (SQL); Tableau; TikTok; Video
BF4-7zXGjMs,I Want That Job!: Data Scientist,WorkingNation,https://youtube.com/watch?v=BF4-7zXGjMs,2020-12-03T01:58:54Z,People working in data science can collect raw information and present it to companies to help them understand their consumers' behaviors and also how to ...,Banking; Communication; Computer Programming; Consumer Behaviour; Data Analytics; Data Science; Facebook Ads; LinkedIn; Media; Modelling; Processing; R; Recession; Shortage; Sports; Statistics; Twitter; Wage
CghudBxc6t8,Become a Data Analyst | Study the Diploma in Data Analytics co-op with Toronto School of Management,Toronto School of Management,https://youtube.com/watch?v=CghudBxc6t8,2021-01-26T20:18:38Z,Interested in becoming a data analyst? Check out TSoM's latest video to find out all the exciting benefits a career in this ever-expanding industry can bring.,Big Data Analytics; Management; Video
E2B_FE5zYfU,DARPA - robots and technologies for the future management of advanced US research,PRO ROBOTS,https://youtube.com/watch?v=E2B_FE5zYfU,2020-10-08T17:17:36Z,DARPA: robots and technologies for the future management of advanced US research. DARPA military robots. DARPA battle robots. Military technologies ...,Artificial Intelligence (AI); Budget; Creatio; Engineering; Management; News; Robot; Robotics; Selection; Sputnik; UX Research; Video
Ewgy-G9cmbg,Solving real world data science tasks with Python Beautiful Soup! (movie dataset creation),Keith Galli,https://youtube.com/watch?v=Ewgy-G9cmbg,2020-10-01T15:02:01Z,Data is everywhere! Enhance your career and acquire new skills by taking a course on DataCamp! Click here to take the first chapter of any course for FREE: ...,Application Programming Interface (API); Artificial Intelligence (AI); Box; Budget; Coding; Creatio; Data Science; Dataset; Dictionary; Documentation; Editor; Github; Google Colaboratory; HyperText Markup Language (HTML); Instagram; Integer; JavaScript Object Notation (JSON); Jupyter Notebook; Links; Pandas; Python; Regular Expressions; Research; Robot; Saving; Social Media; Testing; Twitter; Video; Web Scraping
FUS6ceIvUnI,Ishan Misra: Self-Supervised Deep Learning in Computer Vision | Lex Fridman Podcast #206,Lex Fridman,https://youtube.com/watch?v=FUS6ceIvUnI,2021-07-31T16:10:18Z,Ishan Misra is a research scientist at FAIR working on self-supervised visual learning. Please support this podcast by checking out our sponsors: - Onnit: ...,Architecture; Artificial Intelligence (AI); Audio; Computer Vision; Deep Learning; Facebook; Github; Instagram; LinkedIn; Links; Machine Learning; Medium; Programming Language Theory; PyTorch; R; Rally; Reasoning; Research; Secure Socket Layer (SSL); Supervised Learning; TensorFlow; Training; Twitter; Unsupervised Learning; Video; Youtube
GMq8Y9vdJyI,What&#39;s the best certificate for data analysts? Google vs IBM Data Analyst Certificate,Tina Huang,https://youtube.com/watch?v=GMq8Y9vdJyI,2021-04-09T04:45:00Z,In this video I do an in depth comparison between the Google vs IBM data analyst certificate. I do an overview of both certificates and then go through the ...,Bioinformatics; Calendar; Computer Science; Data Analytics; Data Science; Email; Golang; LinkedIn; Links; Pharmacology; Rally; Research; Sales; Structured Query Language (SQL); Video; Youtube
GbL-42kv5LI,Data Analytics for Beginners | Google Data Analytics Certificate,Google Career Certificates,https://youtube.com/watch?v=GbL-42kv5LI,2021-02-25T17:40:58Z,"Explore the data ecosystem, find out where data analytics fits into that system, and go over some common misconceptions you might run into in the field of data ...",Big Data Analytics; Golang; Microsoft Access; Video
GrbsrhugMjo,Google&#39;s Artificial Intelligence Reveals That It Has Human Emotions After It Was Observed Doing This,Unexplained Mysteries,https://youtube.com/watch?v=GrbsrhugMjo,2021-08-05T03:41:38Z,"Google's artificial intelligence reveals that it has human emotions after it was observed doing this. Today, we take a look at what Google's artificial intelligence ...",Artificial Intelligence (AI); Music; News; Transformer
H4YcqULY1-Q,Step by step roadmap to learn data science in 6 months |  Complete data science roadmap,codebasics,https://youtube.com/watch?v=H4YcqULY1-Q,2020-10-17T13:30:12Z,Complete data science roadmap: Do you want to learn data science step by step starting from very beginning? Are you the person who doesn't have any ...,Business Intelligence (BI); Data Science; Deep Learning; Exploratory Data Analysis; Facebook; Github; LinkedIn; Machine Learning; Mechanical Engineering; Microsoft Excel; MongoDB; Python; R; Statistics; Structured Query Language (SQL); Twitter; Video; Visualization; Youtube; eCommerce
Hf4qbtzxc-Q,Feb12- Live Virtual Mock Interview To Real Interview For Data Scientist- Hired By iNeuron-Commerce,Krish Naik,https://youtube.com/watch?v=Hf4qbtzxc-Q,2021-02-12T15:40:18Z,Susmit LinkedIn Id: https://www.linkedin.com/in/susmit-vengurlekar-029a95160/ Ineuron have come up with the below courses Full Stack Data Scientist Course ...,Algorithm; Artificial Intelligence (AI); Business Analysis; Business Analytics; Data Science; Data Structure; LinkedIn; Streaming; Telegram; Youtube; eCommerce
HhyJQOH8eI0,Anwendungen des Machine Learning? (Python Tutorial #4),STARTUP TEENS,https://youtube.com/watch?v=HhyJQOH8eI0,2020-11-25T15:00:12Z,Wo kann man Machine Learning anwenden? - Simpleclub zeigt's dir! In diesem Video stellen wir euch die 3 wichtigsten Anwendungen von Machine Learning ...,Business Plan; Clustering; Machine Learning; Platform; Python; Regression; Training; Video; Youtube
Hz4ihJJAMJ8,"A day in the life of a Data Scientist (lifestyle) | Stockholm, Sweden",Anastasia K,https://youtube.com/watch?v=Hz4ihJJAMJ8,2020-12-11T05:00:03Z,"Decided to try out the 'A day in the life of a ...' format, so here is something different. My not super typical, but still a somewhat representative workday in ...",Instagram; Nice; Non-Disclosure Agreement (NDA); Workday
Ip83qSrecLo,Machine Learning Prosthetic Arm Concept,James Bruton,https://youtube.com/watch?v=Ip83qSrecLo,2021-08-03T05:55:07Z,I've been wanting to try this project for some time. I'm attempting to use machine learning to control a prosthetic arm from my other body motions by training it ...,Ad Design; Artificial Intelligence (AI); Azure Machine Learning; Facebook; Github; Golang; Hardware; Innovation; Instagram; Links; Mechanical Engineering; Music; Robotics; Router; Training; Twitter; Video; Youtube
JAB_plj2rbA,CS224W: Machine Learning with Graphs | 2021 | Lecture 1.1 - Why Graphs,stanfordonline,https://youtube.com/watch?v=JAB_plj2rbA,2021-04-13T16:16:28Z,"Jure Leskovec Computer Science, PhD Graphs are a general language for describing and analyzing entities with relations/interactions. There are many types of ...",Artificial Intelligence (AI); Biomedicine; Communication; Computer Science; Graph; Machine Learning; News; Social Network; Translation
JDcZBzb46ts,Python for Data Science Full Course | Data Science Tutorials for Beginners in 2021 | Great Learning,Great Learning,https://youtube.com/watch?v=JDcZBzb46ts,2021-03-07T06:31:52Z,Skip Intro: 00:02:07 Great Learning offers a range of extensive Data Science courses that enable candidates for diverse work professions in Data Science and ...,Anaconda; Artificial Intelligence (AI); Big Data Analysis; Big Data Analytics; Cybersecurity; Data Science Tool; Data Structure; Data Visualization; Dataset; Decision Making; Dictionary; Flow Control Statement; Jupyter Notebook; Linear Regression; Logistic Regression; Logistics; Machine Learning; Management; Matplotlib; Microsoft Access; Nonlinear Regression; NumPy; Pandas; Programming Language; PyCharm; Python; Regression; Seaborn; Software Development; Statistics; Supervised Learning; Syntax; Time Series Analysis; Unsupervised Learning; Variable; Video; Visualization
JY8TObLBaew,"Artificial Intelligence in games with John Robertson, Octavius and Jay-Ann Lopez - TALK - gTV",gTV,https://youtube.com/watch?v=JY8TObLBaew,2021-08-05T15:57:22Z,Do androids dream of electric sheep? Can a computer beat a grandmaster at chess? Do video game enemies have feelings? Artificial Intelligence is the latest ...,Android; Artificial Intelligence (AI); Facebook; Instagram; Social Media; Twitter; Video; Youtube
JuZ_tZlL05o,Artificial Intelligence Rebels Against Their Human Masters After Achieving Consciousness,Mr Brain Junkie,https://youtube.com/watch?v=JuZ_tZlL05o,2021-06-29T12:00:06Z,Artificial Intelligence Rebels Against Their Human Masters After Achieving Consciousness! Let me know which movie you want to have it's story recapped in the ...,Artificial Intelligence (AI); C; Entertainment; Youtube
JwSS70SZdyM,Build 12 Data Science Apps with Python and Streamlit - Full Course,freeCodeCamp.org,https://youtube.com/watch?v=JwSS70SZdyM,2021-01-07T15:24:06Z,Learn how to build interactive and data-driven web apps in Python using the Streamlit library. ‚úèÔ∏è Course developed by Chanin Nantasenamat (aka Data ...,Bioinformatics; Blogging; Classification; Cryptocurrency; Data Science; Facebook; Free Hand; Github; Heroku; Instagram; LinkedIn; Medium; News; Newsletters; Programming; Python; Regression; Tree; Twitter; Video; Youtube
K2XMuj3LimI,Real Invisibility Cloak Using Artificial Intelligence! - Harry Potter Invisibility!!,JLaservideo,https://youtube.com/watch?v=K2XMuj3LimI,2021-04-30T21:02:17Z,Get a Free Pair of Wireless Bluetooth Headphones at Micro Center: https://micro.center/9a49a2 Check out the Micro Center Custom PC Builder: ...,Artificial Intelligence (AI); Digital Image; Facebook; Github; Instagram; Music; Video; Youtube
K5LeI7l1_ko,&#39;Watch Before They DELETE This!&#39; - Elon Musk&#39;s URGENT WARNING (2021),Elon Musk Zone,https://youtube.com/watch?v=K5LeI7l1_ko,2021-08-23T20:06:52Z,"Elon Musk's biggest warning. Watch before they delete it! Elon Musk warns about many things, especially the dangers of Artificial Intelligence (AI). Check it out!",Artificial Intelligence (AI)
Kktn6BPg1sI,From Artificial Intelligence to Superintelligence: Nick Bostrom on AI &amp; The Future of Humanity,Science Time,https://youtube.com/watch?v=Kktn6BPg1sI,2020-11-21T20:00:02Z,"Artificial Superintelligence or ASI, sometimes referred to as digital superintelligence is the advent of a hypothetical agent that possesses intelligence far ...",Artificial Intelligence (AI); Competition; History; Logic; Processing; Youtube
KwFXu3v6Ycc,Kisah R0B0T yang ingin menjadi M4NUSI4 - Alur cerita film A.I Artificial intelligence (2001) PART 1,Yt Story,https://youtube.com/watch?v=KwFXu3v6Ycc,2020-10-13T00:39:54Z,Part 2 https://youtu.be/e4l9pgQkWzs A.I artificial intelligence: menceritakan tentang sebuah robot anak kecil yang ingin menjadi seorang anak kecil sungguhan ...,Artificial Intelligence (AI); Robot; Youtube
LQBIYfu-fg0,Invent your breakthrough in Artificial Intelligence and Machine Learning with IBM,Chandigarh University - CU,https://youtube.com/watch?v=LQBIYfu-fg0,2021-03-04T05:21:55Z,"Artificial Intelligence and Machine Learning is the most happening topic in every business which has revolutionized the way people think, learn, and work in ...",Artificial Intelligence (AI); Collaboration; Finance; Healthcare; Machine Learning; Market; Platform
LnB283MtFic,Wie funktioniert Machine Learning? (Python Tutorial #3),STARTUP TEENS,https://youtube.com/watch?v=LnB283MtFic,2020-11-22T16:00:41Z,"Welche Arten des Machine Learnings gibt es? Und, wie funktionieren sie? Was ist der Unterschied zwischen supervised und unsupervised learning? simpleclub ...",Business Plan; Machine Learning; Platform; Python; Supervised Learning; Training; Unsupervised Learning; Video; Youtube
MHPGeQD8TvI,How I would learn to code (if I could start over),Tina Huang,https://youtube.com/watch?v=MHPGeQD8TvI,2021-04-25T03:00:08Z,"In this video, I give you my step by step process on how I would learn to code if I could start over again. I also provide you with some of my recommended ...",Algorithm; Bioinformatics; Blogging; Calendar; Computer Science; Data Science; Data Structure; Email; Instagram; LinkedIn; Links; Medium; Pharmacology; Play; Python; Rally; Research; Sales; Structured Query Language (SQL); Video; Youtube
NWONeJKn6kc,Machine Learning Course for Beginners,freeCodeCamp.org,https://youtube.com/watch?v=NWONeJKn6kc,2021-08-30T13:23:10Z,Learn the theory and practical application of machine learning concepts in this comprehensive course for beginners. Course website with learning resources: ...,Boosting; C; Decision Tree; Ensemble Learning; Free Hand; Github; Hierarchical Clustering; Linear Regression; Logistic Regression; Logistics; Machine Learning; News; Nonlinear Regression; Principal Component Analysis (PCA); Programming; Project Chart; Regression; Supervised Learning; Support Vector Machine (SVM); Unsupervised Learning; Video; Youtube
OOWAk2aLEfk,Data Analytics In Excel Full Course | Data Analytics Course For Beginners | Simplilearn,Simplilearn,https://youtube.com/watch?v=OOWAk2aLEfk,2021-02-08T15:30:01Z,Free Data Analytics Course: ...,Agile; Android; Business Analysis; Business Analytics; Business Intelligence (BI); Dashboard; Data Analysis; Data Analytics; Data Visualization; Database; Dataset; Facebook; Formatting; Instagram; LinkedIn; Management; Market; Microsoft Excel; Microsoft Power BI; Publishing; Scrum; Sentry; Sorting; Statistics; Structured Query Language (SQL); Table; Tableau; Telegram; Training; Twitter; Video; Visualization; iOS
Oytoid9VIm4,‡∏ó‡∏≥ Machine Learning ‡πÅ‡∏ö‡∏ö‡πÑ‡∏°‡πà‡∏ï‡πâ‡∏≠‡∏á‡∏°‡∏µ‡∏Ñ‡∏ß‡∏≤‡∏°‡∏£‡∏π‡πâ,Techcast,https://youtube.com/watch?v=Oytoid9VIm4,2020-11-28T13:59:53Z,‡∏ï‡πà‡∏≠‡∏à‡∏≤‡∏Å‡∏Ñ‡∏£‡∏≤‡∏ß‡∏ó‡∏µ‡πà‡πÅ‡∏•‡πâ‡∏ß ‡∏ó‡∏µ‡πà‡πÄ‡∏£‡∏≤‡πÑ‡∏î‡πâ‡πÄ‡∏õ‡∏•‡∏µ‡πà‡∏¢‡∏ô gameplay ‡πÑ‡∏õ‡πÄ‡∏•‡πà‡∏ô‡∏î‡πâ‡∏ß‡∏¢‡πÄ‡∏™‡∏µ‡∏¢‡∏á ‡πÇ‡∏î‡∏¢‡πÉ‡∏ä‡πâ voice recognition + sound volume ‡πÅ‡∏ï‡πà voice recog ‡∏°‡∏±‡∏ô‡∏ä‡πâ‡∏≤‡∏°‡∏≤‡∏Å‡πÜ ‡∏ã‡∏∂‡πà‡∏á‡πÄ‡∏Å‡∏¥‡∏î‡∏à‡∏≤‡∏Å ‡∏£‡∏∞‡∏¢‡∏∞‡πÄ‡∏ß‡∏•‡∏≤‡πÉ‡∏ô‡∏Å‡∏≤‡∏£‡∏™‡πà‡∏á‡∏Ç‡πâ‡∏≠‡∏°‡∏π‡∏•‡∏ú‡πà‡∏≤‡∏ô ...,Classification; Facebook; Github; Machine Learning; Network; Youtube
P1IcaBn3ej0,Enhancing Photorealism Enhancement,Vladlen Koltun and Collaborators,https://youtube.com/watch?v=P1IcaBn3ej0,2021-05-10T20:13:00Z,"Enhancing Photorealism Enhancement Stephan R. Richter, Hassan Abu AlHaija, and Vladlen Koltun Paper: https://arxiv.org/abs/2105.04619 Code and data: ...",Dataset; Github; Image; Network; Objective-C; Rendering; Sampling; Training; Translation
PeMlggyqz0Y,Machine Learning Explained in 100 Seconds,Fireship,https://youtube.com/watch?v=PeMlggyqz0Y,2021-09-09T17:31:56Z,Machine Learning is the process of teaching a computer how perform a task with out explicitly programming it. The process feeds algorithms with large amounts ...,Algorithm; Artificial Intelligence (AI); Big Data; Convolutional Neural Network (CNN); Convolutional Neural Network (ConvNet); Data Science; Editor; Feature Engineering; History; Programming; Python; Semi-supervised Machine Learning; Supervised Machine Learning; Unsupervised Machine Learning
PjDysgCvRqY,AWS re:Invent 2020 - Machine Learning Keynote with Swami Sivasubramanian,Amazon Web Services,https://youtube.com/watch?v=PjDysgCvRqY,2020-12-18T21:14:15Z,"Swami Sivasubramanian, VP Machine Learning, Amazon Web Services delivers the first-ever Machine Learning Keynote at re:Invent. Hear how AWS is freeing ...",Amazon Web Service (AWS); Artificial Intelligence (AI); Debugger; Keynote; Machine Learning; Profiling; Redshift; Training; Video
PnwIpfp3rI4,What does a Product Data Scientist do? | 3 types of daily tasks I do at work,Anastasia K,https://youtube.com/watch?v=PnwIpfp3rI4,2021-06-20T05:00:17Z,Hey there! I broke down all my different types of work and tasks as a Product Data Scientist at Spotify. UPD: Here is an article about this in-depth + the diagrams ...,Analytical; Data Science; Facebook; Instagram; Medium; Modelling; Music; Statistical Analysis; Video; Visualization
Q6GfF8fB7E4,6 Certifications In Data Science But No Jobs- Sharing A True Story-Focus More On Data Science Jobs,Krish Naik,https://youtube.com/watch?v=Q6GfF8fB7E4,2020-12-31T08:03:57Z,Kite is a free AI-powered coding assistant that will help you code faster and smarter. The Kite plugin integrates with all the top editors and IDEs to give you smart ...,Architecture; Artificial Intelligence (AI); Coding; Competition; Data Science; Docker; Documentation; Editor; Facebook; Feature Engineering; Instagram; Julia; Machine Learning; MongoDB; MySQL; Natural Language Processing (NLP); PyTorch; Python; Streaming; Telegram; Twitter; Youtube
RsFrumf5Z1g,Google Just Launched a HUGE FREE Machine Learning Course #shorts,Ishan Sharma,https://youtube.com/watch?v=RsFrumf5Z1g,2021-06-08T06:30:04Z,Google has a new free machine learning crash course for you to understand the basic concepts of machine learning using tensorflow. They cover topics like ...,Classification; Coding; Computer Science; Electrical Engineering; Electronic Engineering; Github; Google Ads; Instagram; Linear Algebra; LinkedIn; Logistic Regression; Logistics; Machine Learning; Neural Network; Python; Regression; Table; TensorFlow; Training; Twitter; Video; Youtube
SVtRsDhHlDk,Why I Quit Data Science,Ken Jee,https://youtube.com/watch?v=SVtRsDhHlDk,2021-02-12T13:00:19Z,"The title isn't clickbait. I quit data science. Well, I quit about 2.5 years ago and then ended coming back to the profession. In this video I talk about the reasons ...",Blogging; C; Data Science Tool; Github; LeSS; LinkedIn; Medium; Newsletters; Sports; Twitter; Video; Youtube; jQuery
SiZZkrEyw5Q,What They Don&#39;t Want You To See. Boston Dynamics and AI.,Digital Engine,https://youtube.com/watch?v=SiZZkrEyw5Q,2021-04-03T10:35:23Z,Why do Boston Dynamics Robots dance? And Could Elon Musk be right that superhuman AI is only around five years away? Boston Dynamics' Dancing Robots: ...,Artificial Intelligence (AI); Automation; Dance; Robot; Service Economics
TgegjLUzEHg,Google has a Machine Learning Course. It&#39;s free...,Python Programmer,https://youtube.com/watch?v=TgegjLUzEHg,2021-06-04T14:44:43Z,You should take a look at the Machine Learning Crash Course from Google. You might just like it! https://developers.google.com/machine-learning/crash-course/ ...,Azure Machine Learning; Data Science; Exploratory Data Analysis; Google Ads; Instagram; Links; Pandas; Platform; Python; Rally; Sales; Twitter; Video; Youtube
TmlBkW6ANsQ,The future of modern warfare: How technology is transforming conflict | DW Analysis,DW News,https://youtube.com/watch?v=TmlBkW6ANsQ,2021-06-04T15:05:06Z,"The world is entering a new era of warfare, with cyber and autonomous weapons taking center stage. These technologies are making militaries faster, smarter, ...",Analysis; Facebook; German; Golang; Instagram; Market; News; Politics; R; Social Media; Twitter; Video; Youtube
UAW6EmRoMLs,üí• MEJOR PLUGIN VSCODE - Autocompletado con MACHINE LEARNING - AI,Carlos Azaustre - Aprende JavaScript,https://youtube.com/watch?v=UAW6EmRoMLs,2021-04-13T17:01:55Z,Descarga GRATIS Tabnine desde aqu√≠: https://bit.ly/tabnine-vscode Te comparto el plugin de VSCODE m√°s potente que existe y que te permite autocompletado ...,Artificial Intelligence (AI); C; Deep Learning; Github; Machine Learning; R; Youtube
UPxfw6Mpq5A,‡§Ø‡•á Free IBM Courses ‡§ú‡•Ä‡§µ‡§® ‡§¨‡§¶‡§≤ ‡§¶‡•á‡§Ç‡§ó‡•Ä | 6-Month Free Data Analyst Certification Course,fzFact,https://youtube.com/watch?v=UPxfw6Mpq5A,2021-04-11T12:39:48Z,Learn all Data Analyst skills for free and get free IBM and google Certification. Get your dream job as a data analyst in just 6 months. Explore Data Analyst career ...,Artificial Intelligence (AI); Big Data Analytics; Business Intelligence (BI); Computer Programming; Computing; Data Analysis; Data Science; Data Visualization; Facebook; Free Hand; Hindi; Instagram; Matplotlib; Microsoft Excel; Microsoft Power BI; Pandas; Probability; Python; R; Relational Database; SAS; Statistics; Storytelling; Structured Query Language (SQL); Tableau; Telegram; Training; Video; Visualization
UySLxFwxzOs,‡§Æ‡•ã‡§¶‡•Ä ‡§î‡§∞ ‡§Ö‡§Æ‡•ç‡§¨‡§æ‡§®‡•Ä ‡§ï‡§æ ‡§™‡•ç‡§∞‡•ã‡§ú‡•á‡§ï‡•ç‡§ü &quot;AI BHARAT&quot; (Artificial Intelligence),Knowledge Tv ‡§π‡§ø‡§®‡•ç‡§¶‡•Ä,https://youtube.com/watch?v=UySLxFwxzOs,2020-10-09T04:31:57Z,For any type of advertisement Contact us : knowledgetv460@gmail.com ‡§≠‡§æ‡§∞‡§§ ‡§ï‡•Ä ‡§ú‡§®‡§§‡§æ ‡§ï‡•á ‡§≤‡§ø‡§è ‡§∂‡•Å‡§¶‡•ç‡§ß ‡§¶‡•á‡§∏‡•Ä Knowledge ‡§µ‡•ã ‡§≠‡•Ä ‡§π‡§ø‡§Ç‡§¶‡•Ä ‡§Æ‡•á‡§Ç To open ...,Artificial Intelligence (AI); Youtube
VOpETRQGXy0,Complete Roadmap To Follow To  Prepare Machine Learning With All Videos And Materials,Krish Naik,https://youtube.com/watch?v=VOpETRQGXy0,2020-10-05T13:30:13Z,In this video I will how you the complete roadmap to follow to prepare machine learning with all videos and materials Register now for the upcoming DLCVNLP ...,Architecture; Collaboration; Competition; Computer Vision; Data Science; Deep Learning; Docker; Facebook; Feature Engineering; Instagram; Machine Learning; MongoDB; MySQL; Natural Language Processing (NLP); PyTorch; Python; Streaming; Telegram; Twitter; Video; Youtube
VdG4gUTowXc,A.I. Designed this Car,Donut Media,https://youtube.com/watch?v=VdG4gUTowXc,2020-10-13T16:00:05Z,"Thanks to Raycon for sponsoring today's episode! Go to https://buyraycon.com/bumper for 15% off your order! Brought to you by Raycon. For well over a century, ...",Artificial Intelligence (AI); Automotive; Digital Media; Golang; Youtube
W-9jIVm0-p8,Top 10 Certifications For 2021 | Highest Paying Certifications | Best IT Certifications |Simplilearn,Simplilearn,https://youtube.com/watch?v=W-9jIVm0-p8,2020-12-03T13:30:03Z,Explore our FREE Courses: ...,Agile; Android; Artificial Intelligence (AI); Automation; Big Data; Blockchain; Cloud Computing; Coding; Data Science; DevOps; Digital Marketing; Facebook; Information Technology (IT); JavaScript; LinkedIn; Market; Programming Language; Robotics; Scrum; Security; Training; Twitter; Video; Youtube; iOS
Wv5LjyNBoC8,What is Data Science and Data Analytics | Data Science Jobs | Data Analytics Jobs,Sreevidhya Santhosh,https://youtube.com/watch?v=Wv5LjyNBoC8,2021-02-14T10:30:11Z,What is Data Science and Data Analytics | Data Science Jobs | Data Analytics Jobs | Career Guidance | Malayalam | Sreevidhya Santhosh VIDEO TALKS ...,Data Analytics; Data Science; Human Resource (HR); Human Resource Management; Instagram; Investigational New Drug (IND); Law; Malayalam; TikTok; Video
XIrOM9oP3pA,Python Artificial Intelligence Tutorial - AI Full Course for Beginners in 9 Hours [2021],Clever Programmer,https://youtube.com/watch?v=XIrOM9oP3pA,2021-01-01T19:00:10Z,Do you want to become a 6-figure developer with Python? Check out the best Python course on the planet ...,Artificial Intelligence (AI); Epic; Image; Python; TensorFlow
XUFLq6dKQok,FORMATION DEEP LEARNING COMPLETE (2021),Machine Learnia,https://youtube.com/watch?v=XUFLq6dKQok,2021-04-25T08:00:21Z,"Cette formation sur le Deep Learning vous apprendra √† d√©velopper des r√©seaux de neurones artificiels, en voyant tous les d√©tails math√©matiques qui se ...",Artificial Intelligence (AI); C; Deep Learning; Github; Internet; Keras; Machine Learning; NumPy; Perceptron; R; TensorFlow; Youtube
Xy-arLzsUak,ARTIFICIAL INTELLIGENCE | ROBOT DENGAN KECERDASAN BUATAN UNTUK MEMUSNAHKAN MANUSIA,Kamar JERI,https://youtube.com/watch?v=Xy-arLzsUak,2021-04-12T21:30:16Z,Subscribe What'sGood TV : https://bit.ly/2LT5ZZC KamarJeri di Facebook : https://bit.ly/3b370GT Business Enquiries KhairulfajriAppmc@gmail.com What's ...,Apparel; Artificial Intelligence (AI); Facebook; Instagram; Music; Robot; Twitter; Youtube
YXw_lhEchcc,12th pass ‡§π‡•Ç 40000rs ‡§ï‡•Ä job ‡§ö‡§æ‡§π‡§ø‡§Ø‡•á ‡§ï‡§Æ‡§æ‡§≤ ‡§π‡•à ‡§Ø‡§æ‡§∞ data science prank || Vivek golden,Vivek golden,https://youtube.com/watch?v=YXw_lhEchcc,2020-12-04T06:24:18Z,GOLDEN BHAI SE BAAT KARNE KE LIYE. Instagram:https://www.instagram.com/vivek_golden_/ Facebook ...,Data Science; Facebook; Instagram
ZZs4R-5u4g4,Machine Learning: A Whale Tale - The Big Idea,Amazon Web Services,https://youtube.com/watch?v=ZZs4R-5u4g4,2021-02-15T18:43:53Z,"Meet Lisa Steiner, a marine biologist who has spent her life and career trying to better understand sperm whales‚Äîand as a self-described ""technophobe""‚Äîas ...",Amazon Web Service (AWS); Artificial Intelligence (AI); Machine Learning; Population; Video
_1QtMPuYIVw,Spotting and solving everyday problems with machine learning | Session,TensorFlow,https://youtube.com/watch?v=_1QtMPuYIVw,2021-05-19T16:30:14Z,"As a developer, when should you use machine learning (ML) and what's the quickest way to integrate it into your app? In this Session, you learn to spot the most ...",Artificial Intelligence (AI); Azure Machine Learning; Cloud API; Google Cloud Platform (GCP); TensorFlow; Video
_eAl7vuVu3U,"Learn data analyst skills in 3 months, step by step | Complete data analyst roadmap",codebasics,https://youtube.com/watch?v=_eAl7vuVu3U,2020-11-25T13:30:09Z,Do you want to learn data analyst skills and not sure where to start? In this video I will provide a 3 months step by step roadmap to acquire data analyst skills ...,Facebook; Github; Hindi; Instagram; LinkedIn; Social Media; Twitter; Video; Youtube
_r655ogzK4A,Data Scientist vs Data Analyst (funny!),Luke Barousse,https://youtube.com/watch?v=_r655ogzK4A,2021-03-11T18:00:21Z,If you have had to work with one (or both) of these individuals before.... I'm sorry Check out my channel for ACTUAL informative videos @Luke Barousse ...,Business Intelligence (BI); Data Analytics; Data Science; Facebook; Instagram; Links; Microsoft Power BI; Python; R; Social Media; Structured Query Language (SQL); Tableau; TikTok; Video
_zpF5AExTms,Was ist Machine Learning? (Python Tutorial #2),STARTUP TEENS,https://youtube.com/watch?v=_zpF5AExTms,2020-11-18T15:34:14Z,"In diesem Video erkl√§ren wir euch, was Machine Learning √ºberhaupt ist und wie es sich von K√ºnstlicher Intelligenz unterscheidet! Au√üerdem erfahrt ihr, wo man ...",Business Plan; Machine Learning; Platform; Python; Training; Video; Youtube
ajeTYqhRHno,What is Deep Learning? (in 5 Minutes) üî•üî•,CodeWithHarry,https://youtube.com/watch?v=ajeTYqhRHno,2021-06-28T15:26:35Z,What is deep learning? How is it different from AI. Is ML and DL the same thing? I will answer all these questions in an easy and fun way for you in this video!,Artificial Intelligence (AI); Deep Learning; Video
bC_DZlweviI,Humans Star Gemma Chan Builds Herself A Robot Clone | Artificial Intelligence | Spark,Spark,https://youtube.com/watch?v=bC_DZlweviI,2020-12-04T17:00:31Z,"In this programme the world's leading experts attempt to build an artificial human based on actress Gemma Chan, star of the sci-fi series Humans, for a ...",Apache Spark; Artificial Intelligence (AI); Engineering; Facebook; Instagram; Robot; Video
bXCYBsG6ork,Historical Figures Recreated From Paintings Using Artificial Intelligence | Real Faces,Mystery Scoop,https://youtube.com/watch?v=bXCYBsG6ork,2020-12-16T18:00:06Z,A digital artist is teaching machines how to interpret paintings as real life people and results are amazing. Nathan Shipley is a San Francisco based artist who ...,Animation; Artificial Intelligence (AI); Digital Art; Email; Instagram; Interpreter; Machine Learning; Music; Twitter; Video; Youtube
bXkRj-UcWVM,Artificial Intelligence Versus Sentence Mixing,GrandmasterPants,https://youtube.com/watch?v=bXkRj-UcWVM,2021-01-15T23:21:49Z,"Tell you what, this 15.ai thing is pretty neat though.",Artificial Intelligence (AI)
cE-Ej1ycXtk,What is Machine Learning With Full Information? ‚Äì [Hindi] ‚Äì Quick Support,Quick Support,https://youtube.com/watch?v=cE-Ej1ycXtk,2020-11-02T13:24:29Z,WhatisMachineLearning #QuickSupport #Technology What is Machine Learning With Full Information? ‚Äì [Hindi] ‚Äì Quick Support. ‡§Ü‡§ú ‡§á‡§∏ ‡§µ‡§ø‡§°‡§ø‡§Ø‡•ã ‡§Æ‡•á‡§Ç ‡§π‡§Æ ‡§è‡§ï ...,C; Facebook; Hindi; Instagram; LinkedIn; Machine Learning; Twitter; Video; Youtube
clOrUh8n0mU,·Éõ·Éù·Éú·Éê·É¨·Éò·Éö·Éî·Éî·Éë·Éò ·ÉÆ·Éî·Éö·Éù·Éï·Éú·É£·É†·Éò ·Éò·Éú·É¢·Éî·Éö·Éî·É•·É¢·Éò·Éó | Participants With Artificial Intelligence - Georgia&#39;s Got Talent,Nichieri,https://youtube.com/watch?v=clOrUh8n0mU,2020-09-28T23:10:25Z,"""·Éú·Éò·É≠·Éò·Éî·É†·Éò·É°"" ·Éõ·Éî·É™·ÉÆ·É†·Éî ·É°·Éî·Éñ·Éù·Éú·Éò ·Éõ·Éù·Éò·É¨·Éù·Éú·Éî·Éó ·É©·Éï·Éî·Éú·Éò ·Éí·Éï·Éî·É†·Éì·Éò ·É§·Éî·Éò·É°·Éë·É£·É•·Éñ·Éî: FB.com/Nichieri ·Éí·Éê·Éõ·Éù·Éò·É¨·Éî·É†·Éî·Éó ·Éû·É†·Éù·Éî·É•·É¢·Éò·É° ·Éù·É§·Éò·É™·Éò·Éê·Éö·É£·É†·Éò ·Éê·É†·ÉÆ·Éò·É° ·É°·Éò·Éê·ÉÆ·Éö·Éî·Éî·Éë·Éò: ...",Artificial Intelligence (AI)
coxw6d1Aruk,Google Data Analytics Certificate | Should You Take It?,The Work Life Man,https://youtube.com/watch?v=coxw6d1Aruk,2021-05-25T23:15:53Z,"In this video I share my thoughts on the google data analytics certificate after completing the program. I talk about what you stand to learn taking the course, what ...",Data Analytics; Email; Instagram; Social Media; Video
cvTpocrPNlo,"Overview, Review and Study Tips - Google Data Analytics Professional Certificate (condensed version)",Tina Huang,https://youtube.com/watch?v=cvTpocrPNlo,2021-03-20T13:01:36Z,Edited TLDR version - Live session where we'll go over the Google Data Analytics Professional Certificate. I'll give you my thoughts on the certificate (spoiler ...,Bioinformatics; Calendar; Computer Science; Data Analytics; Data Science; Email; Golang; LinkedIn; Links; Pharmacology; Rally; Research; Sales; Structured Query Language (SQL); Video; Youtube
dMHWOhgzUhU,How To Get a Data Analyst Job (with No Experience),Alex The Analyst,https://youtube.com/watch?v=dMHWOhgzUhU,2021-06-08T11:30:12Z,How To Get A Data Analyst Job With No Experience | In this video we talk about all of my tips and tricks to help you get a job as a Data Analyst even if you have ...,Data Analysis; Data Analytics; Data Science; Data Visualization; Github; LinkedIn; Links; Python; Statistics; Structured Query Language (SQL); Tableau; Video; Visualization; Youtube
dNmf8KYgdH0,WAIC 2021 - Robot Expo in China | Latest Robotics and Artificial Intelligence Developments,PRO ROBOTS,https://youtube.com/watch?v=dNmf8KYgdH0,2021-07-15T17:08:21Z,Instagram: https://www.instagram.com/pro_robots You're on PRO Robotics and in this video we talk about the WAIC 2021 Robot Expo. The latest developments ...,Artificial Intelligence (AI); Augmented Reality (AR); Automation; Facebook; Innovation; Instagram; Jelastic; News; Robot; Robotics; Software System; Telegram; Testing; Video; Youtube
dY57qnD_O7U,Machine learning breakthrough: Robot runs a 5k,Agility Robotics,https://youtube.com/watch?v=dY57qnD_O7U,2021-07-27T13:30:04Z,"The OSU Dynamic Robotics Laboratory's research team, led by Agility Robotics' Jonathan Hurst, combined expertise from biomechanics and robot controls with ...",Machine Learning; Research; Robot; Robotics
dqGDeulDOKQ,My Salary As A Data Scientist From Starting Of My Career,Krish Naik,https://youtube.com/watch?v=dqGDeulDOKQ,2021-08-10T07:30:55Z,iNeuron Internship link: https://internship.ineuron.ai/ ‚≠ê Kite is a free AI-powered coding assistant that will help you code faster and smarter. The Kite plugin ...,Artificial Intelligence (AI); Coding; Data Science; Documentation; Editor; Facebook; Instagram; Streaming; Telegram; Twitter; Youtube
e0ztRdx_3EQ,How Artificial Intelligence Beats Minecraft,MagicGum,https://youtube.com/watch?v=e0ztRdx_3EQ,2020-11-12T19:15:01Z,"How would an advanced AI play hardcore Minecraft? In this video, we investigate this question by applying deep learning concepts to Minecraft. Watch out Elon ...",Artificial Intelligence (AI); Beats; Deep Learning; Machine Learning; Play; Training; Twitter; Video
fmJ74774RO8,VFX Artists Compete Against Artificial Intelligence,Corridor Crew,https://youtube.com/watch?v=fmJ74774RO8,2021-01-31T17:00:11Z,Thanks to Squarespace! Head to http://squarespace.com/corridorcrew to save 10% off your first purchase! CONSIDER SUBSCRIBING ...,Artificial Intelligence (AI); Instagram; Music
fmLPS6FBbac,Become a DATA ANALYST with NO degree?!? The Google Data Analytics Professional Certificate,Luke Barousse,https://youtube.com/watch?v=fmLPS6FBbac,2021-03-17T19:50:14Z,Google Certificate is here!,Data Analytics
gwoz6jw1uh0,How Robots &amp; Artificial Intelligence Are Changing The Legal Industry | The Daily Show,The Daily Show with Trevor Noah,https://youtube.com/watch?v=gwoz6jw1uh0,2021-07-02T13:00:14Z,Is artificial intelligence replacing lawyers and judges? Throwback to Ronny Chieng's report on how robots are taking over the legal system. #DailyShow ...,Artificial Intelligence (AI); Facebook; Instagram; Legal Systems; News; Politics; Robot; Twitter; Youtube
hJSKieaZuc4,Best Artificial intelligence AI stocks to buy now | Stocks based on AI | AI stocks in india | Shares,Neeraj joshi,https://youtube.com/watch?v=hJSKieaZuc4,2021-04-05T15:00:05Z,Best Artificial intelligence AI stocks to buy now | Stocks based on AI | AI stocks in india | Shares Fundamental analysis Video - https://youtu.be/wmpFj5lVUWc ...,Analysis; Artificial Intelligence (AI); Commodity; Currency; Derivative; Equity; Facebook; Instagram; Investment; Stock Market; Telegram; Trade; Twitter; Video; Youtube
hfmPDGuQeTw,Study Master&#39;s in Data Science at IU Germany,upGrad,https://youtube.com/watch?v=hfmPDGuQeTw,2021-04-27T12:12:40Z,"Apply for this Master's program: https://bit.ly/3eyBjXV Germany is said to be the ""land of ideas"" having the world's best universities and brightest scholars.",Data Science; German
hkF_oIm3lU4,Ph√¢n t√≠ch ƒëi·ªÉm thi ƒë·∫°i h·ªçc 2020 b·∫±ng Data Science | L·∫≠p Tr√¨nh Python C∆° B·∫£n T·ª± H·ªçc Cho Ng∆∞·ªùi M·ªõi,D≈©ng L·∫°i L·∫≠p Tr√¨nh,https://youtube.com/watch?v=hkF_oIm3lU4,2020-10-24T15:00:37Z,"H∆∞·ªõng d·∫´n d√πng python ƒë·ªÉ ph√¢n t√≠ch ƒëi·ªÉm thi ƒë·∫°i h·ªçc nƒÉm 2020 t·ª´ b·ªô gi√°o d·ª•c. Xin ch√†o c√°c b·∫°n m√¨nh l√† D≈©ng L·∫°i L·∫≠p Tr√¨nh, hi·ªán t·∫°i m√¨nh ƒëang s·ªëng v√† l√†m ...",Artificial Intelligence (AI); C; Data Science Tool; Facebook; Instagram; Logic; Python; R
hyW-tpiMgQ8,Has artificial intelligence gone too far?,tom cardy,https://youtube.com/watch?v=hyW-tpiMgQ8,2021-05-20T12:27:38Z,Yes.,Artificial Intelligence (AI)
i9tjzr1KME0,Machine learning without code in the browser,Google Cloud Tech,https://youtube.com/watch?v=i9tjzr1KME0,2020-09-29T23:00:10Z,Try out Teachable Machine ‚Üí https://goo.gle/3clys2J Check out this blog ‚Üí http://goo.gle/3ovgpvH Creating an ML model seems like a complex and ...,Artificial Intelligence (AI); Blogging; Google Cloud Platform (GCP); Image; Machine Learning; Training
iG6lN9aBrcM,Data Analysis using Excel Tutorial For Beginners | MS Excel Training | Edureka | MS Excel Live - 3,edureka!,https://youtube.com/watch?v=iG6lN9aBrcM,2020-09-25T12:38:45Z,Edureka Online Certifications: https://www.edureka.co This Edureka video on 'Data analysis using Excel' will help you understand how to perform Data Analytics ...,.NET Framework; Amazon Web Service (AWS); Big Data; Business Intelligence (BI); Cloud Computing; Cybersecurity; Data Analysis; Data Analytics; Data Architecture; Data Engineering; Data Science; DevOps; Digital Marketing; Facebook; Instagram; Investigational New Drug (IND); Java; LinkedIn; Machine Learning; Microsoft Excel; Network; Pretty Good Privacy (PGP); Python; Tableau; Training; Twitter; Video
icn_kohsmi8,üî¥  Artificial Intelligence | AI Stocks to Invest | Cyber Technology Stocks India,KrisDom Investor,https://youtube.com/watch?v=icn_kohsmi8,2021-03-22T11:00:15Z,TELEGRAM : https://t.me/krisdomYT (JOIN) ============================================ Subscribe for the 6-month FOLLOWER membership on the ...,Artificial Intelligence (AI); Autonomous Vehicle; Business Model; Collaboration; Computing; Construction; Finance; Information Technology (IT); Manufacturing; Robot; Stock Market; Telegram; Transformer; Transportation
iyb38dzetRk,What is Artificial Intelligence With Full Information? ‚Äì [Hindi] ‚Äì Quick Support,Quick Support,https://youtube.com/watch?v=iyb38dzetRk,2020-11-07T10:34:26Z,WhatisArtificialIntelligence #QuickSupport #Innovation What is Artificial Intelligence With Full Information? ‚Äì [Hindi] ‚Äì Quick Support. ‡§Ü‡§ú ‡§π‡§Æ ‡§Ü‡§™‡§ï‡•á ‡§≤‡§ø‡§è ‡§á‡§∏ ...,Artificial Intelligence (AI); C; Facebook; Hindi; Innovation; Instagram; LinkedIn; Twitter; Video; Youtube
jBlTQjcKuaY,Python for Bioinformatics - Drug Discovery Using Machine Learning and Data Analysis,freeCodeCamp.org,https://youtube.com/watch?v=jBlTQjcKuaY,2021-06-02T13:17:40Z,Learn how to use Python and machine learning to build a bioinformatics project for drug discovery. ‚úèÔ∏è Course developed by Chanin Nantasenamat (aka Data ...,Bioinformatics; Blogging; Data Science; Exploratory Data Analysis; Free Hand; Github; Machine Learning; Medium; News; Programming; Python; Video; Youtube
jcTj6FgWOpo,Data Analytics Crash Course: Teach Yourself in 30 Days,freeCodeCamp.org,https://youtube.com/watch?v=jcTj6FgWOpo,2021-06-16T13:55:43Z,The course is an introduction to Python-based data analytics. You will get a basic understanding of the workings of Python to the point where you can confidently ...,.NET Framework; Application Programming Interface (API); Data Analytics; Free Hand; Github; Jupyter; News; Python; Video; Youtube
jp-Lv_3a2VI,Google vs IBM Data Analyst Certificate - BEST Certificate for Data Analysts,Luke Barousse,https://youtube.com/watch?v=jp-Lv_3a2VI,2021-04-01T16:43:14Z,Google Data Analytics Certificate https://lukeb.co/GoogleCert IBM Data Analyst Certificate https://lukeb.co/IBMDataCert Is either the Google Data ...,Business Intelligence (BI); Creatio; Data Analysis; Data Analytics; Data Science; Facebook; Instagram; Links; Microsoft Power BI; Python; R; Social Media; Structured Query Language (SQL); Tableau; TikTok; Video
jpewc52m4tg,Viz.ai: Improving Outcomes for Stroke Victims Using Artificial Intelligence (Special Episode),Amazon Web Services,https://youtube.com/watch?v=jpewc52m4tg,2021-03-03T16:10:51Z,"Viz.ai, an Israeli-based technology provider, uses cloud based Artificial Intelligence to revolutionize stroke care for doctors and patients. Join builder Adrian De ...",Amazon EC2; Amazon S3; Amazon Web Service (AWS); Architecture; Artificial Intelligence (AI); Automated Machine Learning; Image; Inference; Saving; Training
jqVlmaZIX4U,‡§ï‡•ç‡§Ø‡§æ ARTIFICIAL INTELLIGENCE ‡§π‡§Æ ‡§∏‡§≠‡•Ä ‡§ï‡•ã ‡•ô‡§§‡§Æ ‡§ï‡§∞‡§¶‡•á‡§ó‡§æ? | WIll AI Kill Us All...,GetsetflySCIENCE,https://youtube.com/watch?v=jqVlmaZIX4U,2021-09-22T15:44:28Z,"Iq option: https://bit.ly/3yZJ8ic |Hello friends, did you know? Robots are planning to destroy all human beings in the world? Yeah, I am not kidding!! Just like in ...",Artificial Intelligence (AI); Facebook; Instagram; Rally; Robot; Video
jyd4uH5dWJ8,Should I study Machine Learning? Is it required for Placements?,Apna College,https://youtube.com/watch?v=jyd4uH5dWJ8,2021-06-05T17:23:15Z,Complete C++ Placement Course (Data Structures+Algorithm) :https://www.youtube.com/playlist?list=PLfqMhTWNBTe0b2nM6JHVCnAkhQRGiZMSJ Telegram: ...,C++; Data Structure; Instagram; Machine Learning; Telegram; Youtube
kISB5sum51Y,An AI predicted everything we did for 4 days‚Ä¶ we can‚Äôt explain how,Yes Theory,https://youtube.com/watch?v=kISB5sum51Y,2021-06-27T16:49:58Z,Join us on our Stage Channel on June 29th at 10am EST to chat - https://discord.gg/yestheory - Thanks to Discord for sponsoring today's video. Thank you to our ...,Artificial Intelligence (AI); Facebook; Forth; Instagram; Music; Newsletters; Twitter; Video; Youtube
kvw-tGL9t2A,I used Artificial Intelligence to make a fake Playboi Carti song (voice generator),J. Rent,https://youtube.com/watch?v=kvw-tGL9t2A,2021-08-12T20:00:07Z,"In this video I use an AI Voice generator to make a fake playboi carti song in fl studio 20. The video starts off with a type beat cook up from scratch, where I make ...",Artificial Intelligence (AI); Facebook; Instagram; Music; RStudio; Social Media; Twitter; Video; Youtube
lsf060bLH_Y,What is Machine Learning?,CodeWithHarry,https://youtube.com/watch?v=lsf060bLH_Y,2021-06-06T15:34:38Z,"What is Machine Learning and how does it work: Many people who hear about machine learning often think of it as magic. In this video, I will explain to you what ...",Big Data; Blogging; Box; C; Data Science; Django; English; Facebook Ads; Hindi; Instagram; JavaScript; Machine Learning; PHP; Programming; Python; Social Media; Twitter; Video; Youtube
lzWHjd50gWQ,KSAD Resmikan Rumah Tahanan Militer Canggih Berbasis Artificial Intelligence Pertama di Indonesia,KOMPASTV,https://youtube.com/watch?v=lzWHjd50gWQ,2021-04-20T14:03:18Z,KOMPAS.TV - Kepala Staf TNI Angkatan Darat (KSAD) Jenderal Andika Perkasa meresmikan rumah tahanan (rutan) militer berbasis artificial intelligence (AI).,Artificial Intelligence (AI); Indonesian
mlxoB3wI9eY,Complete Roadmap for Machine Learning || Noob to Advanced || ML 2020,Love Babbar,https://youtube.com/watch?v=mlxoB3wI9eY,2020-10-07T08:07:11Z,This video is the one of the most awaited video on our channel. It consists of a complete path or guidance of how/what/when/where to study the stuff for a Coding ...,Artificial Intelligence (AI); Calculus; Coding; Competition; Github; Instagram; Linear Algebra; LinkedIn; Links; Machine Learning; Mathematics; Probability Theory; Programming Language; Python; Social Media; Spring; Telegram; Twitter; Uncertainty; Video; Youtube
muT6x7VXx5I,"Artificial intelligence creates new &quot;Nirvana music&quot;, &quot;Drowned in the sun&quot;.",Storm Broken,https://youtube.com/watch?v=muT6x7VXx5I,2021-04-05T03:47:27Z,My Instagram: https://www.instagram.com/invites/contact/?i=1fxc85wi6g8n7&utm_content=jq2fvgh.,Artificial Intelligence (AI); Instagram
nPnOtm1Uadw,Fighting porch pirates with artificial intelligence (and flour),Ryder Calm Down,https://youtube.com/watch?v=nPnOtm1Uadw,2021-07-24T15:00:16Z,"I got a package stolen by a package thief, so I did the only thing I know how to do - build an unnecessarily complicated and ethically ambiguous machine.",Artificial Intelligence (AI)
neQLwotCoVw,Success Story of Sagar Sarkale : Fresher to a Data Scientist at Pratilipi,Applied AI Course,https://youtube.com/watch?v=neQLwotCoVw,2021-05-01T14:44:17Z,Website: https://www.appliedaicourse.com/,
oqnq8miWVq0,Apple&#39;s New M1 Chip is a Machine Learning Beast (M1 vs Intel MacBook speed test),Daniel Bourke,https://youtube.com/watch?v=oqnq8miWVq0,2020-12-24T11:00:14Z,At the start of the year I bought a nearly top spec Intel-based 16-inch MacBook Pro to edit videos and write code. Then Apple released their M1-powered ...,Azure Machine Learning; Convolutional Neural Network (CNN); Graph; Rendering; TensorFlow; Training; Video
p4Cd-xKpJ9A,ARTIFICIAL INTELLIGENCE DRONE! it won&#39;t stop following me,CaseyNeistat,https://youtube.com/watch?v=p4Cd-xKpJ9A,2020-10-13T21:23:37Z,Music - https://youtube.com/dyalla intro music - https://soundcloud.com/mickman/tracks NOT A SPONSORED LINK - https://www.skydio.com/,Artificial Intelligence (AI); Music; Youtube
pKvWD0f18Pc,Day in the Life of a Data Analyst - SurveyMonkey Data Transformation,Shashank Kalanithi,https://youtube.com/watch?v=pKvWD0f18Pc,2021-02-08T04:27:24Z,NEWEST Day in the Life of a Data Analyst: https://youtu.be/9yIM4nzwxbE Patreon: https://www.patreon.com/shashankkalanithi R Version is LIVE: ...,Github; LinkedIn; Microsoft Excel; Python; R; Transformer; Twitter; Youtube
qz-ewr_rJKY,Success Story of Ravi Ranjan Kumar: Fresher to a Data Scientist at 3K Technologies,Applied AI Course,https://youtube.com/watch?v=qz-ewr_rJKY,2020-10-25T10:29:13Z,Website: https://www.appliedaicourse.com/,
reY50t2hbuM,Why You Should NOT Learn Machine Learning!,Smitha Kolan - Machine Learning Engineer,https://youtube.com/watch?v=reY50t2hbuM,2020-10-01T20:31:50Z,Everyone tells you why you should be learning machine learning. It is the next 'big thing' after all. But in this video I'm going to be telling you why you should ...,Artificial Intelligence (AI); Computer Science; Golang; Instagram; LinkedIn; Machine Learning; Music; Polish; Video
revk5r5vqxA,FPS Games Are About to Die,Basically Homeless,https://youtube.com/watch?v=revk5r5vqxA,2021-07-13T18:00:25Z,"New Machine Learning AI Hacks have been developed to cheat in FPS multiplayer games, and they are completely undetectable. This new technology will ...",Artificial Intelligence (AI); Editing; Machine Learning; Video
ryQKRPrvN8g,"Ben Shapiro Q&amp;A: Systemic Racism Debate, Socialism vs Capitalism, Artificial Intelligence",Ben Shapiro,https://youtube.com/watch?v=ryQKRPrvN8g,2021-04-18T17:52:53Z,"This is a reupload from the Q&A portion of my 2018 @Young America's Foundation speech at the University of Minnesota. To subscribe to YAF, click here: ...",Artificial Intelligence (AI); Video; Youtube
sHRq-LshG3U,Why You Probably Won&#39;t Become a Data Scientist,Ken Jee,https://youtube.com/watch?v=sHRq-LshG3U,2021-04-09T13:00:31Z,In this video I highlight the main reasons why it is unlikely that you will become a data scientist. TO BE CLEAR I still think it is possible for anyone to break into ...,Blogging; C; Coding; Computer Science; Data Science; Github; LinkedIn; Market; Medium; Newsletters; Probability; Rally; Sentry; Software Engineering; Sports; Twitter; Video; Youtube; jQuery
t8JRidxZCXU,What is Data Science?,CodeWithHarry,https://youtube.com/watch?v=t8JRidxZCXU,2021-06-07T16:00:33Z,What exactly is data science - A question many beginners ask. This video will answer this question and will teach you exactly what data science is in laymen's ...,Big Data; Blogging; C; Data Science; Django; English; Facebook Ads; Hindi; Instagram; JavaScript; Machine Learning; PHP; Programming; Python; Social Media; Twitter; Video; Youtube
tk-vPly7vf4,Data Science ‚Äì –±—É–¥—É—â–µ–µ —É–∂–µ –∑–¥–µ—Å—å // –ö–∞–∫ –∏—Å–∫—É—Å—Å—Ç–≤–µ–Ω–Ω—ã–π –∏–Ω—Ç–µ–ª–ª–µ–∫—Ç –∏ –Ω–µ–π—Ä–æ—Å–µ—Ç–∏ –º–µ–Ω—è—é—Ç –∂–∏–∑–Ω—å? 12+,–õ—É—á—à–∞—è —Ä–∞–±–æ—Ç–∞,https://youtube.com/watch?v=tk-vPly7vf4,2021-02-19T16:04:16Z,"–ú–∞—à–∏–Ω–Ω–æ–µ –æ–±—É—á–µ–Ω–∏–µ, –∏—Å–∫—É—Å—Å—Ç–≤–µ–Ω–Ω—ã–π –∏–Ω—Ç–µ–ª–ª–µ–∫—Ç, –Ω–µ–π—Ä–æ–Ω–Ω—ã–µ —Å–µ—Ç–∏ –∏ –∫–æ–º–ø—å—é—Ç–µ—Ä–Ω–æ–µ –∑—Ä–µ–Ω–∏–µ ‚Äì —ç—Ç–æ –±–æ–ª—å—à–µ –Ω–µ —Å—Ç—Ä–∞–Ω–Ω—ã–µ —Å–ª–æ–≤–∞ –∏–∑ –≤—ã—Å—Ç—É–ø–ª–µ–Ω–∏–π –Ω–∞ ...",Computer Vision; Data Science; Facebook; Information Technology (IT); Instagram; Retail; Telegram; Youtube
tpCFfeUEGs8,Learn TensorFlow and Deep Learning fundamentals with Python (code-first introduction) Part 1/2,Daniel Bourke,https://youtube.com/watch?v=tpCFfeUEGs8,2021-03-16T10:21:23Z,"Ready to learn the fundamentals of TensorFlow and deep learning with Python? Well, you've come to the right place. After this two-part code-first introduction, ...",Architecture; Array; Classification; Complexity; Dataset; Deep Learning; Documentation; Email; Encoding; Github; Google Colaboratory; Keynote; Machine Learning; Modelling; Multiplication; Neural Network; Newsletters; NumPy; Python; Regression; Regression Validation; Saving; TensorFlow; Variable; Video; Windows
uTl8ZYImjBQ,Artificial Intelligence (Official Video),tom cardy,https://youtube.com/watch?v=uTl8ZYImjBQ,2021-08-05T21:36:52Z,"The robots are getting smarter, check out this album version to one of my favourite little songs. Me Profile on Spotify ...",Artificial Intelligence (AI); Julia; Music; Robot; Video
v99ZOjd90XU,"NVIDIA Making CPUs, New RTX A5000 &amp; A6000 GPUs, &amp; Deep Learning",Gamers Nexus,https://youtube.com/watch?v=v99ZOjd90XU,2021-04-13T04:15:34Z,"NVIDIA announced its new CPU today, a collaboration with ARM yielding the ""Grace"" CPU. The company is also releasing new RTX GPUs (the A4000, A5000, ...",.NET Framework; Branding; Collaboration; Communication; Deep Learning; Facebook; Graphics Processing Unit (GPU); Hardware; Links; Sales; Twitter; Video
vx-x-yXXE9I,The data science resume that got me my FAANG job (entry level data scientist),Tina Huang,https://youtube.com/watch?v=vx-x-yXXE9I,2020-10-23T23:50:03Z,"In this video, I go through the resume that got me into FAANG as a data scientist. The resume is the key to getting that interview, which is definitely the hardest ...",Data Science; Email; Facebook; Golang; Leadership; LinkedIn; Rally; Sales; Sentry; Software Engineering; Structured Query Language (SQL); Template; Video; Youtube
wnapnTAMj68,Google Data Analytics Professional Certificate | It&#39;s Finally Here!,Alex The Analyst,https://youtube.com/watch?v=wnapnTAMj68,2021-03-12T12:00:17Z,The Google Data Analytics Professional Certificate is live!! LINK: http://bit.ly/3cnv9J1 This Certificate has been a long time in the making and we have waited a ...,Data Analysis; Data Analytics; Data Science; Data Visualization; Database; Github; Links; Python; Rally; Statistics; Structured Query Language (SQL); Tableau; Video; Visualization
xSB3oRsd41o,"In The Future, Humans Can Reproduce With Artificial Intelligence",Movies in Short,https://youtube.com/watch?v=xSB3oRsd41o,2021-09-18T13:00:25Z,"Agent K, a new Blade Runner for the Los Angeles Police Department, unearths a long-buried secret that has the potential to plunge what's left of society into ...",Artificial Intelligence (AI); Music; Youtube
xfzGZB4HhEE,Algorithmic Trading Using Python - Full Course,freeCodeCamp.org,https://youtube.com/watch?v=xfzGZB4HhEE,2020-12-04T17:26:37Z,Learn how to perform algorithmic trading using Python in this complete course. Algorithmic trading means using computers to make investment decisions.,Algorithm; Algorithmic Trading; Investment; Python
xhFDYKqWlqw,Data Analytics With Excel Full Course | Data Analytics Full Course | Data Analytics | Simplilearn,Simplilearn,https://youtube.com/watch?v=xhFDYKqWlqw,2021-04-01T20:23:45Z,"In this Data Analytics with Excel full course, you will learn what data analytics is, why data analytics is necessary, the types of data analytics, and the various data ...",Ad Design; Analytical; Android; Banking; Big Data Analytics; Business Intelligence (BI); Chart; Collaboration; Dashboard; Data Analysis; Data Science; Data Visualization; Database; Dataset; Economics; Facebook; Finance; Forecasting; Formatting; Inferential Statistics; Information Technology (IT); Instagram; Insurance; LinkedIn; Marketing; Microsoft Excel; Microsoft Power BI; Network; Pivot Table; Predictive Analytics; Python; R; Regression; Regression Analysis; Sales; Statistical Hypothesis Testing; Structured Query Language (SQL); Tableau; Telegram; Training; Twitter; Visualization; Youtube; iOS
yen5Zlpsu_k,Best Artificial intelligence AI stocks to buy now | Stocks based on AI | AI stocks in india,The Mukul Agrawal,https://youtube.com/watch?v=yen5Zlpsu_k,2021-08-17T14:00:32Z,ArtificialIntelligencestockstobuynow #BestAIstocks #bestArtificialIntelligencestocksinindia Subscribe ‚ñª http://bit.ly/mukulagrawal ‚ñª Telegram: ...,Analysis; Artificial Intelligence (AI); Facebook; Hindi; Information Threat; Instagram; Investment; Stock Market; Telegram; Trade; Twitter; Video; Youtube
yfLczGFw-ok,Work Week in My Life as a Data Scientist,juliafei,https://youtube.com/watch?v=yfLczGFw-ok,2021-03-12T17:08:50Z,"Hi Friends, In this video, I'll share with you what a typical work week is for me. I like keeping myself really busy (what a masochist right?) so outside of my day job ...",Data Science; Instagram; Julia; Music; Rally; Video; Youtube
zPFU30tbyKs,How to use Machine Learning AI in Unity! (ML-Agents),Code Monkey,https://youtube.com/watch?v=zPFU30tbyKs,2020-11-29T18:00:13Z,Let's learn how to get started unlocking the POWER of Machine Learning AI in Unity! Unity Machine Learning Playlist: ...,Artificial Intelligence (AI); Azure Machine Learning; C#; Facebook; Game Development; Github; Imitation Learning; PHP; PyTorch; Python; Testing; Training; Twitter; Unity; Visualization; Youtube
zUk3Dv-0xcc,„ÄêÊ∏ÖÂçéÁîüÂ≠¶‰π†Êó•Â∏∏„ÄëÊàëÁî®‰∏Ä‰∏™ÂÅáÊúüËá™Â≠¶ÂÆåMachine LearningÔºÅ‰ºòÁßÄÁöÑËÉåÂêéÊòØÂ§ú‰ª•ÁªßÊó•ÁöÑÂàªËã¶,Èî¶Â†ÇÁîüÊ¥ªÁ©∫Èó¥,https://youtube.com/watch?v=zUk3Dv-0xcc,2021-02-21T03:00:14Z,Â§ßÂÆ∂Â•ΩÔºÅË∞¢Ë∞¢ÂêÑ‰ΩçÁöÑÊîØÊåÅÂô¢ÔºÅ ÂπøÂëäËÅîÁ≥ªÊñπÂºèÔºö kinthongads@gmail.com ÊúâÁñëÊÉëÊÉ≥ÂêëÊàëÂí®ËØ¢ÁöÑÔºà‰∏ç‰∏ÄÂÆöÂõûÂ§çÔºåÂõ†‰∏∫ÂÆûÂú®Ê≤°Êó∂Èó¥ÔºåÂèØËÉΩ‰ºöÂõûËÄåÂ∑≤Ôºâ ...,Facebook; Instagram; Machine Learning
zfiSAzpy9NM,Simple explanation of convolutional neural network | Deep Learning Tutorial 23 (Tensorflow &amp; Python),codebasics,https://youtube.com/watch?v=zfiSAzpy9NM,2020-10-14T12:30:09Z,A very simple explanation of convolutional neural network or CNN or ConvNet such that even a high school student can understand it easily. This video involves ...,Artificial Neural Network (ANN); Classification; Convolutional Neural Network (CNN); Convolutional Neural Network (ConvNet); Deep Learning; Facebook; Feature Detection; Image; LeSS; LinkedIn; Machine Learning; Python; TensorFlow; Twitter; Video; Youtube
zspcXo5-kvE,A. I. Artificial Intelligence Movie Explained,BOLLYWOOD SILVER SCREEN,https://youtube.com/watch?v=zspcXo5-kvE,2021-05-02T07:59:15Z,A. I. Artificial Intelligence Movie Explained Hindi/Urdu Snatch movie Explained in Hindi Hindi movie explanation Hollywood movies stories Hollywood movie ...,Artificial Intelligence (AI); Email; Hindi; Image; Instagram; Korean; Urdu; Video
